"name","cat","catCol","moa","com","comCol","ageCol","ageMean","strengtho","strengthi","male","female","maleP","eng","dego","degi"
"J20","X","#00FF74",40.7044482872159,4,"#8000FF","#FFB337",29.3516606916177,587.396492874441,533.620603623786,158023,200412,0.440869334746886,"Acute bronchitis",1,0
"J03","X","#00FF74",38.9199517296862,NA,NA,"#FFB224",27.8284638593053,561.616462855099,524.483440618307,156770,192241,0.449183550088679,"Acute tonsillitis",NA,NA
"K29","XI","#00FFB9",35.0870396023068,NA,NA,"#9AFF5D",40.1602361836205,807.65418263393,520.342337555287,135491,195692,0.409112182690537,"Gastritis and duodenitis",NA,NA
"J30","X","#00FF74",38.9905245211416,NA,NA,"#FFC62F",29.5987262623886,590.861295065586,524.026830970021,132365,169424,0.43860114185739,"Vasomotor and allergic rhinitis",NA,NA
"J06","X","#00FF74",39.6269586719861,NA,NA,"#FFBB39",29.8094434733119,593.122575349765,545.336814513514,129610,165578,0.439076114205184,"Acute upper respiratory infections of multiple and unspecified sites",NA,NA
"J02","X","#00FF74",38.4476838633455,NA,NA,"#FFB228",27.8940055429729,571.580092794903,540.388500603136,116224,152224,0.432947907974729,"Acute pharyngitis",NA,NA
"J00","IX","#00FF2E",39.7456692666729,NA,NA,"#FFB745",30.7406555567238,606.63448313025,560.569230032676,116364,149944,0.436952701383361,"Acute nasopharyngitis[common cold]",NA,NA
"H10","VII","#5DFF00",39.0608451385715,NA,NA,"#FFA73D",29.8381322196986,596.307558280806,564.279553809402,88752,115983,0.433496959484211,"Conjunctivitis",NA,NA
"J04","X","#00FF74",37.7127734254345,NA,NA,"#FFC736",29.8595658969968,590.676341060997,548.809942960305,73672,100342,0.423368234739734,"Acute laryngitis and tracheitis",NA,NA
"J01","X","#00FF74",37.1788695891373,4,"#8000FF","#FF6A14",21.3095930992989,518.882635932319,545.875983009257,69732,83180,0.456026995919222,"Acute sinusitis",4,0
"L23","XII","#00FFFF",39.2172061238824,NA,NA,"#EEFF55",35.0149321657786,656.970125335348,566.050496909276,63620,86894,0.422684932963047,"Allergic contact dermatitis",NA,NA
"K30","XI","#00FFB9",39.3444608616285,NA,NA,"#D7FF61",36.6249430383867,684.672861129312,545.76685251448,56310,81941,0.407302659655265,"Functional dyspepsia",NA,NA
"K59","XI","#00FFB9",40.8019725304968,NA,NA,"#FFD368",33.8246295041944,666.788536363851,610.79340091478,56843,77504,0.423105837867611,"Other functional intestinal disorders",NA,NA
"M54","XIII","#00B9FF",43.2777780857764,1,"#FF0000","#49FF91",48.8715498856994,882.189650343136,612.499643974756,49035,81323,0.376156430752236,"Dorsalgia",2,0
"M79","XIII","#00B9FF",40.2222916349902,NA,NA,"#80FF5E",41.8563229147171,732.347643148965,558.768241061693,53304,74928,0.415684072618379,"Other soft tissue disorders, NEC",NA,NA
"J45","X","#00FF74",40.8718290299553,4,"#8000FF","#FF7F45",27.4274759168498,586.133003965516,621.316726336036,53369,64971,0.450980226466115,"Asthma",2,0
"K58","XI","#00FFB9",40.4153075266156,NA,NA,"#B6FF63",38.7361333333333,742.458023945675,604.261420218862,48886,63614,0.434542222222222,"Irritable bowel syndrome",NA,NA
"J31","X","#00FF74",35.8614950119734,NA,NA,"#FFA221",26.6267035794911,559.590153748303,560.706453873447,48459,59182,0.450190912384686,"Chronic rhinitis, nasopharyngitis and pharyngitis",NA,NA
"H52","VII","#5DFF00",37.6187922047558,NA,NA,"#FF9040",30.8133434013738,584.142330663632,582.29952613434,43608,59027,0.424884298728504,"Disorders of refraction and accommodation",NA,NA
"A09","I","#FF0000",37.8700765009672,4,"#8000FF","#FF5A1C",21.2808765545971,542.902347827751,571.128964315472,48500,50159,0.49159225210067,"Other gastroenteritis and colitis of infectious and unspecified origin",3,0
"K52","XI","#00FFB9",37.9946062149914,NA,NA,"#FF9537",28.243084245496,596.488916132977,580.773935095628,43435,50481,0.46248775501512,"Other noninfective gastroenteritis and colitis",NA,NA
"I10","IX","#00FF2E",55.2292792915161,1,"#FF0000","#0BEAFF",59.0743485510642,973.140869368117,768.000102671982,40221,51536,0.438342578767832,"Essential(primary) hypertension",44,2
"K25","XI","#00FFB9",46.4931013054029,NA,NA,"#42FF72",47.7769759299301,853.711924742718,662.727615285762,38075,53034,0.417906024651791,"Gastric ulcer",NA,NA
"L50","XII","#00FFFF",39.7686422918403,NA,NA,"#FFE74F",32.562519390152,623.417596071637,586.17369555593,40160,50092,0.444976288614103,"Urticaria",NA,NA
"R50","XVIII","#A200FF",37.3801705317236,NA,NA,"#FF8A27",25.7743656627935,546.732768142793,583.135204839932,40211,44129,0.476772587147261,"Fever of other and unknown origin",NA,NA
"N76","XIV","#0074FF",37.745047474647,2,"#80FF00","#75FF0E",36.297873611277,770.117146702932,588.112582875847,54,83656,0.000645084219328635,"Other inflammation of vagina and vulva",27,0
"R10","XVIII","#A200FF",38.6289095175255,NA,NA,"#FFE84C",33.1415381978033,660.353421913802,591.512134777655,33712,47955,0.412798315108918,"Abdominal and pelvic pain",NA,NA
"K27","XI","#00FFB9",44.7400187701707,NA,NA,"#59FF72",46.0102949087886,818.882128242438,665.282990792378,31248,50540,0.38206093803492,"Peptic ulcer, site unspecified",NA,NA
"B35","I","#FF0000",43.9994955843615,NA,NA,"#71FF43",40.8863953981683,672.930731548156,599.871041242054,41859,38283,0.522310399041701,"Dermatophytosis",NA,NA
"H04","VII","#5DFF00",42.7966715357629,NA,NA,"#8CFF77",43.289879727805,778.715343256063,610.45496825198,25114,50714,0.331196919343778,"Disorders of lacrimal system",NA,NA
"J32","X","#00FF74",35.3336599598274,NA,NA,"#FF881E",24.8853727899552,548.337886973697,572.600134408779,35411,39135,0.475022133984385,"Chronic sinusitis",NA,NA
"K21","XI","#00FFB9",43.8340978098524,NA,NA,"#77FF59",41.5013847756938,775.250345154527,603.860930650636,29143,43793,0.399569485576396,"Gastro-oesophageal reflux disease",NA,NA
"L20","XII","#00FFFF",34.8063758911331,4,"#8000FF","#FF2C0D",14.8692581195491,495.077746376898,595.58297942259,29745,32974,0.474258199269759,"Atopic dermatitis",9,1
"H16","VII","#5DFF00",40.0041058296349,NA,NA,"#FFDC43",33.3582506748447,623.399333156447,572.984302659369,25536,37071,0.407877713354737,"Keratitis",NA,NA
"R11","XVIII","#A200FF",39.2552920074838,NA,NA,"#FF933D",28.3085615766767,601.92776778372,622.973843310019,25868,35324,0.422734998038959,"Nausea and vomiting",NA,NA
"J40","X","#00FF74",42.471468749746,NA,NA,"#E2FF6A",36.2658861777938,656.447110463823,610.443891836706,26226,34676,0.430626252011428,"Bronchitis, not specified as acute or chronic",NA,NA
"H66","VIII","#17FF00",33.287100731718,4,"#8000FF","#FF4C17",18.4605403303522,508.056733786768,579.667177901986,28559,30590,0.482831493347309,"Suppurative and unspecified otitis media",5,2
"E78","IV","#FFD100",50.3203316036328,1,"#FF0000","#1DFF8E",52.4455793277796,897.023450815264,688.128197491933,26921,32018,0.456760379375286,"Disorders of lipoprotein metabolism and other lipidaemias",14,0
"M17","XIII","#00B9FF",50.7661998935683,1,"#FF0000","#14D7FF",58.581444193126,989.759388418992,777.267631218897,16466,42335,0.280029251203211,"Gonarthrosis[arthrosis of knee]",30,0
"S33","XIX","#E800FF",43.5205736725286,NA,NA,"#68FF5F",43.9219614330766,749.764471502501,612.294820735254,26130,31899,0.450292095331645,"Dislocation, sprain and strain of joints and ligaments of lumbar spine and pelvis",NA,NA
"B30","I","#FF0000",32.9039994004646,NA,NA,"#FF7F19",24.6430739610074,478.898824734759,519.721238081236,28456,29196,0.493582182751683,"Viral conjunctivitis",NA,NA
"H60","VII","#5DFF00",38.3580857280838,NA,NA,"#FFE53F",31.8962080192211,620.556155754518,595.85619249261,24466,32971,0.425962358758292,"Otitis externa",NA,NA
"R51","XVIII","#A200FF",40.9694088347698,NA,NA,"#ABFF6A",39.9998700916287,721.651877396154,613.994746661172,21923,35810,0.379730829854676,"Headache",NA,NA
"K76","XI","#00FFB9",46.9172976378437,NA,NA,"#46FF61",46.2811083938718,797.835221981012,652.913179410228,26467,29145,0.475922462777818,"Other diseases of liver",NA,NA
"N30","XIV","#0074FF",44.3850359026793,NA,NA,"#6BFF4C",41.8561738122408,799.171472576438,686.68917314061,7653,47556,0.13861870347226,"Cystitis",NA,NA
"J21","X","#00FF74",37.072000198416,4,"#8000FF","#FF3612",15.3202383707475,501.167227630412,581.262225595361,25204,26648,0.486075754069274,"Acute bronchiolitis",8,0
"M13","XIII","#00B9FF",51.3564045425775,1,"#FF0000","#35FFDF",53.8018553262456,896.144262792443,734.29252770172,17082,35685,0.323725055432373,"Other arthritis",6,0
"J34","X","#00FF74",34.7348424207964,NA,NA,"#FFC91E",28.4379793887425,568.343820488508,541.755838593902,24843,26003,0.488593006332848,"Other disorders of nose and nasal sinuses",NA,NA
"L30","XII","#00FFFF",39.9019974617366,NA,NA,"#FFDB46",32.2589516610304,612.757220385368,600.069016001642,22965,27305,0.456833101253233,"Other dermatitis",NA,NA
"M51","XIII","#00B9FF",49.9327651914243,1,"#FF0000","#38FF97",50.701186249033,876.790399521241,707.212161987979,19769,30642,0.392156473785483,"Other intervertebral disc disorders",3,0
"R07","XVIII","#A200FF",45.4051343095659,NA,NA,"#6DFF65",43.6284876396605,747.851683020362,665.306030288672,22778,25643,0.470415728712749,"Pain in throat and chest",NA,NA
"R12","XVIII","#A200FF",43.4217025790415,NA,NA,"#70FF6D",43.9898968770264,760.349842631505,609.652341013787,18250,29557,0.381743259355325,"Heartburn",NA,NA
"H65","VIII","#17FF00",34.2372261404562,4,"#8000FF","#FF4C1A",19.3364682972759,511.635377803954,587.315995259577,22598,24133,0.483576212792365,"Nonsuppurative otitis media",2,0
"M75","XIII","#00B9FF",51.8690696071675,1,"#FF0000","#1BFFA6",53.6037090385308,916.386612339466,710.049744967871,17819,29390,0.377449215192018,"Shoulder lesions",3,0
"E11","IV","#FFD100",55.8935752547168,1,"#FF0000","#12FFDD",56.5517913194069,961.722627398914,800.452090858806,22409,23786,0.485095789587618,"Type 2 diabetes mellitus",36,2
"K31","XI","#00FFB9",39.5129606671926,NA,NA,"#9AFF74",41.3931786092481,740.680152359626,659.132351989733,17599,27729,0.388258912813272,"Other diseases of stomach and duodenum",NA,NA
"F41","V","#E8FF00",50.2145128476912,5,"#CC7A7A","#32FF8A",50.2105787975889,897.30550083197,757.148749721178,14500,30127,0.324915409953616,"Other anxiety disorders",2,0
"J18","X","#00FF74",42.5906753873597,4,"#8000FF","#FF4D2D",21.3762904335857,526.111549768498,717.267789603506,21336,22254,0.489470061940812,"Pneumonia, organism unspecified",4,0
"L24","XII","#00FFFF",39.2750454003288,NA,NA,"#F9FF4B",34.0036010952852,640.055795480199,587.102240034914,18133,25326,0.417243839020686,"Irritant contact dermatitis",NA,NA
"H00","VI","#A2FF00",33.3732606628927,NA,NA,"#FFA717",27.7146286848727,541.798790616761,505.285574377106,18654,24665,0.430619358710958,"Hordeolum and chalazion",NA,NA
"M25","XIII","#00B9FF",46.2470721499059,NA,NA,"#65FFA0",47.4647269408957,799.546358308135,660.727754681989,16687,26051,0.390448780944359,"Other joint disorders, NEC",NA,NA
"R05","XVIII","#A200FF",41.6776323015751,NA,NA,"#FFEB60",34.1447573584091,637.573517385455,623.910870124657,18452,23235,0.442631995586154,"Cough",NA,NA
"L03","XII","#00FFFF",41.1859684628159,NA,NA,"#FFE955",33.6562669694427,619.598407045366,619.665568374253,20316,20198,0.501456286715703,"Cellulitis",NA,NA
"L02","XII","#00FFFF",38.6370376536017,NA,NA,"#FFC93F",31.9588321055863,599.659332014365,588.262286924171,19660,19436,0.502864743196235,"Cutaneous abscess, furuncle and carbuncle",NA,NA
"L29","XII","#00FFFF",42.1854587153681,NA,NA,"#BEFF66",38.3616908850727,702.599405600933,637.53366922363,14452,23398,0.381822985468956,"Pruritus",NA,NA
"H40","VII","#5DFF00",46.7588021569249,1,"#FF0000","#6DFF79",45.3113679033239,752.677735833346,653.019955421397,15368,22449,0.406378083930507,"Glaucoma",1,0
"S93","XIX","#E800FF",33.4589975380462,NA,NA,"#FFB22D",30.4594771766469,587.690767477665,541.704933687659,19650,17724,0.525766575694333,"Dislocation, sprain and strain of joints and ligaments at ankle and foot level",NA,NA
"G44","VI","#A2FF00",45.6752384569317,NA,NA,"#55FF75",46.4003594416116,835.995127016648,692.632951136041,11422,24467,0.318259076597286,"Other headache syndromes",NA,NA
"B37","I","#FF0000",39.486895178162,NA,NA,"#B2FF18",32.6037135915049,727.845022838283,641.999103770029,3825,29512,0.114737378888322,"Candidiasis",NA,NA
"R42","XVIII","#A200FF",48.6428020974686,1,"#FF0000","#56FFC8",50.4635085122132,853.172602610513,726.979730222476,10784,22991,0.319289415247964,"Dizziness and giddiness",2,0
"S63","XIX","#E800FF",35.3543639567657,NA,NA,"#FFDB2F",32.0526849497518,591.515602360075,549.914102250516,18074,14962,0.547100133188037,"Dislocation, sprain and strain of joints and ligaments at wrist and hand level",NA,NA
"M81","XIII","#00B9FF",61.3383905757765,1,"#FF0000","#06FFED",58.8754111842105,989.047613626789,893.433847320207,2480,30352,0.0755360623781676,"Osteoporosis without pathological fracture",20,5
"H61","VIII","#17FF00",38.250215617329,4,"#8000FF","#FF622B",23.1182137701626,536.683170905824,621.46069591658,15795,16071,0.495669365467897,"Other disorders of external ear",2,0
"J36","X","#00FF74",35.4328339691697,NA,NA,"#FFEA28",30.2075817936573,573.980722994365,546.642013109677,14842,17037,0.465572947708523,"Peritonsillar abscess",NA,NA
"M47","XIII","#00B9FF",55.3696982445405,1,"#FF0000","#18DAFF",58.0062019428535,954.88660414032,794.143618798127,10466,21137,0.331171091352087,"Spondylosis",16,0
"N72","XIV","#0074FF",39.0992649100014,2,"#80FF00","#61FF0C",37.1133160537826,742.033236489126,605.054676118359,14,30851,0.000453588206706626,"Inflammatory disease of cervix uteri",14,14
"L21","XII","#00FFFF",41.0425185254813,NA,NA,"#BFFF4B",37.652141434263,656.20850350877,603.466415006453,15441,14679,0.512649402390438,"Seborrhoeic dermatitis",NA,NA
"K12","XI","#00FFB9",41.9299010795349,NA,NA,"#FFEE64",33.7495168488,654.198552887349,686.295491480028,12216,16243,0.429249095189571,"Stomatitis and related lesions",NA,NA
"A04","I","#FF0000",37.8993422191449,NA,NA,"#FF8A2E",27.0863252095787,584.407530684887,608.581044186109,13719,14552,0.485267588695129,"Other bacterial intestinal infections",NA,NA
"M65","XIII","#00B9FF",45.7836513433376,NA,NA,"#50FF60",45.5709297020321,797.457737572286,653.384238798299,10534,17959,0.36970483978521,"Synovitis and tenosynovitis",NA,NA
"S13","XIX","#E800FF",42.3591854419411,NA,NA,"#68FF3C",41.0774268511672,730.773890576728,619.656129373636,12334,16067,0.434280483081582,"Dislocation, sprain and strain of joints and ligaments at neck level",NA,NA
"G43","VI","#A2FF00",45.1047788940006,NA,NA,"#54FF69",45.5880782918149,829.184023986175,699.402205516573,7796,20304,0.277437722419929,"Migraine",NA,NA
"F45","V","#E8FF00",49.4487520916311,NA,NA,"#3CFF79",48.5285498543742,862.440651611486,768.731038582736,8885,18926,0.319477904426306,"Somatoform disorders",NA,NA
"N95","XIV","#0074FF",54.3705870486181,2,"#80FF00","#02FF4F",54.2928145671295,952.949974094179,799.23249801926,67,27447,0.00243512393690485,"Menopausal and other perimenopausal disorders",6,10
"F48","V","#E8FF00",50.4929983525535,NA,NA,"#33FF8D",50.3155268832925,877.237704579156,767.0562599981,8780,18579,0.320918162213531,"Other neurotic disorders",NA,NA
"K73","XI","#00FFB9",48.8002307457878,3,"#00FFFF","#3EFF5A",46.6791168658699,796.598894622674,726.588041689852,14174,12934,0.522871477054744,"Chronic hepatitis, NEC",3,0
"A08","I","#FF0000",27.936067196733,4,"#8000FF","#FF250A",12.5128170792363,465.914328515461,553.445311493333,13257,12880,0.507211998316563,"Viral and other specified intestinal infections",8,2
"L25","XII","#00FFFF",42.2717097567862,NA,NA,"#EDFF66",35.8750993678313,653.742111206442,633.426852495902,11246,15171,0.425710716584018,"Unspecified contact dermatitis",NA,NA
"J42","X","#00FF74",49.4010300288844,NA,NA,"#7FFFCA",47.1207112732247,777.157136853333,751.152775462048,11617,14702,0.441392150157681,"Unspecified chronic bronchitis",NA,NA
"N34","XIV","#0074FF",41.1398791269616,10,"#85CC7A","#95FF24",36.1935496154139,585.861677574252,576.743948305363,19932,6330,0.758967329220928,"Urethritis and urethral syndrome",1,0
"K26","XI","#00FFB9",48.3998139710442,NA,NA,"#41FF60",46.5794492333511,786.409783531988,673.221156401422,12442,13776,0.474559462964376,"Duodenal ulcer",NA,NA
"S01","XIX","#E800FF",36.9444726140616,NA,NA,"#FF7C24",24.6799706075724,479.880461090615,555.877538441266,17996,7861,0.695981745755501,"Open wound of head",NA,NA
"J11","X","#00FF74",32.4712353313663,NA,NA,"#FFCE3B",31.0327172338176,568.433001111898,562.365630696912,11010,14527,0.431139131456318,"Influenza, virus not identified",NA,NA
"L08","XII","#00FFFF",38.2417606057998,NA,NA,"#FFB538",30.2007888131947,596.056312145868,592.186929896116,12118,12983,0.482769610772479,"Other local infections of skin and subcutaneous tissue",NA,NA
"S61","XIX","#E800FF",40.0405181092317,NA,NA,"#D9FF3C",34.4575443492127,578.351882561479,561.490093265636,15272,9813,0.60881004584413,"Open wound of wrist and hand",NA,NA
"H11","VII","#5DFF00",48.51699310657,NA,NA,"#58FF6F",45.5391938874515,731.450536875979,665.324465427107,10715,14021,0.433174320827943,"Other disorders of conjunctiva",NA,NA
"I84","IX","#00FF2E",45.3339328370001,NA,NA,"#53FF35",42.0938057402303,706.909444702947,627.925711535708,12456,12212,0.504945678611967,"Hemorrhoids",NA,NA
"J41","X","#00FF74",46.7126872839032,NA,NA,"#8DFF96",43.7298773281167,744.927184812583,700.900740451354,10623,13914,0.432938011981905,"Simple and mucopurulent chronic bronchitis",NA,NA
"D50","II","#FF4600",46.5368223210504,NA,NA,"#82FF65",42.0683782517989,735.828293848008,732.126719116479,6615,16872,0.281645165410653,"Iron deficiency anaemia",NA,NA
"N39","XIV","#0074FF",47.4263956096928,NA,NA,"#D0FF7A",37.7717753768174,701.805634195056,773.383522442007,8921,13570,0.396647547908052,"Other disorders of urinary system",NA,NA
"I20","IX","#00FF2E",57.855506358441,1,"#FF0000","#17FBFF",57.3146158568672,919.653342321313,882.264524430803,10766,12038,0.472110156112963,"Angina pectoris",27,8
"M19","XIII","#00B9FF",53.1536212357924,1,"#FF0000","#2CFFE1",54.5413243436328,909.121745612678,760.614001780189,7182,15214,0.320682264690123,"Other arthrosis",5,0
"E14","IV","#FFD100",51.190594943412,1,"#FF0000","#17FFEF",56.7266502020656,931.814573405334,852.027319727667,10532,11738,0.472923215087562,"Unspecified diabetes mellitus",33,8
"M15","XIII","#00B9FF",55.3280719711254,1,"#FF0000","#23D0FF",57.3243741291743,921.723536074704,830.509559187533,6601,15648,0.296687491572655,"Polyarthrosis",14,0
"M06","XIII","#00B9FF",52.4788539790541,1,"#FF0000","#2AFFA8",52.5820591466764,911.239036890362,813.334316676738,6084,15760,0.278520417505951,"Other rheumatoid arthritis",3,0
"Z34","XXII","#FF0046",30.4001080114716,2,"#80FF00","#FFB800",29.4897678260072,637.038827915271,484.026577520741,13,21781,0.000596494448013215,"Supervision of normal pregnancy",25,18
"H01","VII","#5DFF00",42.7335784828746,NA,NA,"#FFDB65",34.7963944111028,638.990083018642,647.847293726326,8608,12720,0.403600900225056,"Other inflammation of eyelid",NA,NA
"F32","V","#E8FF00",52.1069066506333,5,"#CC7A7A","#3AFF93",50.0085532174158,894.776625761692,837.677516955759,7097,14240,0.332614706847261,"Depressive episode",6,0
"L01","XII","#00FFFF",31.7249351771824,4,"#8000FF","#FF3311",15.5701691854386,471.331555729755,607.420332515871,10896,10146,0.517821499857428,"Impetigo",4,2
"S43","XIX","#E800FF",45.9449861513792,NA,NA,"#51FF60",45.2105720050678,768.20194519557,649.954455963806,9776,11535,0.458730233212895,"Dislocation, sprain and strain of joints and ligaments of shoulder girdle",NA,NA
"H25","VII","#5DFF00",66.8899456341136,1,"#FF0000","#0134FF",67.6875703828829,1004.2692392622,934.09504628049,7528,13784,0.353228228228228,"Senile cataract",43,28
"B00","I","#FF0000",41.1606065787099,NA,NA,"#FFC533",28.6757537034408,609.277192268874,652.736547449387,9141,11988,0.43262814141701,"Herpesviral [herpes simplex] infections",NA,NA
"N73","XIV","#0074FF",38.1416697193295,2,"#80FF00","#74FF0A",35.89671669338,764.341100449681,629.792499825902,14,20575,0.00067997474379523,"Other female pelvic inflammatory diseases",17,24
"H81","VIII","#17FF00",51.9579019042475,1,"#FF0000","#38FFCA",52.6489743973649,884.99630249488,766.143757923282,5907,14130,0.294804611468783,"Disorders of vestibular function",3,0
"M77","XIII","#00B9FF",48.6582851291135,NA,NA,"#24FF4A",47.9682949261663,829.327858367076,670.754293957673,7665,11906,0.391650912063768,"Other enthesopathies",NA,NA
"B18","I","#FF0000",47.3805302017325,8,"#C2CC7A","#4FFF48",44.2006698368871,755.55191699981,687.142459916519,10632,8925,0.543641662831723,"Chronic viral hepatitis",4,2
"M50","XIII","#00B9FF",51.4702383415401,NA,NA,"#1DFF68",50.4570683601817,883.45767349959,729.928928941131,7829,11539,0.404223461379595,"Cervical disc disorders",NA,NA
"S83","XIX","#E800FF",40.9255509473855,NA,NA,"#A5FF58",39.6651240185118,686.751934505187,607.454949082955,9827,9404,0.510997868025584,"Dislocation, sprain and strain of joints and ligaments of knee",NA,NA
"M72","XIII","#00B9FF",49.4785895039778,NA,NA,"#3DFF74",48.1350210970464,845.048625139934,736.57150550852,7161,11799,0.377689873417722,"Fibroblastic disorders",NA,NA
"B08","I","#FF0000",13.1078486631204,4,"#8000FF","#FF0801",5.51574611090032,416.787617536454,544.208157793871,9401,9048,0.509566914195891,"Other viral infections characterized by skin and mucous membrane lesions, NEC",10,25
"R60","XVIII","#A200FF",51.1173259507403,NA,NA,"#3BFF9C",50.4255521706017,863.644817341856,767.368129772468,5302,13080,0.288434337939288,"Oedema, NEC",NA,NA
"J22","X","#00FF74",38.1400099584767,NA,NA,"#FF8B2E",25.9818468169761,554.223878476506,587.342224138315,7927,10169,0.438052608311229,"Unspecified acute lower respiratory infection",NA,NA
"G47","VI","#A2FF00",54.4205641964847,1,"#FF0000","#2CFFD1",53.8963594621187,905.247692377474,842.652199895575,6310,11984,0.344921832294741,"Sleep disorders",5,0
"M48","XIII","#00B9FF",59.6324738933555,1,"#FF0000","#0DA3FF",60.782051997322,1003.49557109477,843.497019074355,5943,11981,0.331566614594957,"Other spondylopathies",33,1
"T15","XIX","#E800FF",44.8380496117102,NA,NA,"#6BFF38",40.0500111756817,636.492815261423,584.008348631482,10611,7285,0.592925793473402,"Foreign body on external eye",NA,NA
"J15","X","#00FF74",40.6811583129584,4,"#8000FF","#FF5C32",23.1399507152302,542.839297032731,715.001433688153,8063,8575,0.484613535280683,"Bacterial pneumonia, NEC",2,0
"S23","XIX","#E800FF",47.2819596618266,NA,NA,"#58FF82",46.6632133554345,760.303013988295,683.253626134478,8415,8477,0.498164811745205,"Dislocation, sprain and strain of joints and ligaments of thorax",NA,NA
"R06","XVIII","#A200FF",49.4553098906268,NA,NA,"#CEFFBB",42.0701103560072,686.161758693897,780.460249508056,7535,8504,0.469792381071139,"Abnormalities of breathing",NA,NA
"R04","XVIII","#A200FF",35.8610528156698,NA,NA,"#FF5D2E",25.2764565992866,533.508353104367,625.901686123391,9600,6379,0.600788534952125,"Haemorrhage from respiratory passages",NA,NA
"I11","IX","#00FF2E",62.6820977860229,1,"#FF0000","#05B3FF",61.3875907799179,912.238120633554,942.151322922335,6269,9566,0.395895168929586,"Hypertensive heart disease",35,35
"D64","III","#FF8B00",48.6368007457139,NA,NA,"#83FF6B",42.3147362235571,720.703338385793,752.87165536724,5245,10071,0.342452337424915,"Other anaemias",NA,NA
"K70","XI","#00FFB9",49.5961305653948,3,"#00FFFF","#1CFF49",48.0764686576961,773.216009835966,631.664550916934,12530,2705,0.822448309812931,"Alcoholic liver disease",5,1
"L04","XII","#00FFFF",33.4410811436509,NA,NA,"#FF9B18",25.9824403571905,571.149314466479,566.232046455159,6081,8925,0.405237904838065,"Acute lymphadenitis",NA,NA
"J35","X","#00FF74",32.7214301144956,NA,NA,"#FF7515",23.2054331077913,540.253353741067,557.351813101465,7297,7630,0.488845715816976,"Chronic diseases of tonsils and adenoids",NA,NA
"N93","XIV","#0074FF",36.9724707815924,2,"#80FF00","#83FF0B",35.9440205280573,750.864234774973,594.317071546479,2,14807,0.00013505300830576,"Other abnormal uterine and vaginal bleeding",15,8
"H35","VII","#5DFF00",52.2684737586632,1,"#FF0000","#8CFFE3",47.8427168349703,786.045319727828,759.821686251135,6460,7998,0.446811453866372,"Other retinal disorders",6,1
"J44","X","#00FF74",61.3324157818849,3,"#00FFFF","#1D91FF",59.7046931158419,875.123980362858,915.777785848533,7287,7181,0.503663256842687,"Other chronic obstructive pulmonary disease",25,10
"H93","VIII","#17FF00",50.9193907394466,NA,NA,"#44FFB5",50.7500178660759,841.976782530437,756.533709534446,5410,8583,0.386621882369756,"Other disorders of ear, NEC",NA,NA
"J37","X","#00FF74",41.2470910120133,NA,NA,"#90FF4B",38.8588987924094,721.895734207057,626.791973449003,5453,8459,0.391963772282921,"Chronic laryngitis and laryngotracheitis",NA,NA
"S00","XVIII","#A200FF",36.4461534367599,NA,NA,"#FF792D",26.0400507430228,542.785593932189,590.368518062557,8103,5692,0.58738673432403,"Superficial injury of head",NA,NA
"N71","XIV","#0074FF",38.210548844288,2,"#80FF00","#75FF0A",35.5964669962198,732.627283818686,610.275521526605,6,13750,0.000436173306193661,"Inflammatory disease of uterus, except cervix",14,19
"R52","XVIII","#A200FF",46.1532822119413,NA,NA,"#7BFF6A",42.906656089453,702.419949460797,675.168653306766,5605,7631,0.423466304019341,"Pain, NEC",NA,NA
"I73","IX","#00FF2E",57.4424411201677,1,"#FF0000","#0FD8FF",59.1191659548031,957.194383105947,821.103007551354,4542,8335,0.35272190727654,"Other peripheral vascular diseases",26,0
"M62","XIII","#00B9FF",47.3456608492561,NA,NA,"#54FF79",46.7320966350302,798.521495421039,667.606391428501,5165,7584,0.405129814103067,"Other disorders of muscle",NA,NA
"N41","XIV","#0074FF",48.0689568211223,3,"#00FFFF","#37FF40",44.4409315843217,677.330096816149,582.601296212835,12688,43,0.996622417720525,"Inflammatory diseases of prostate",5,3
"B02","I","#FF0000",50.2040582105312,NA,NA,"#76FF8D",45.5753968253968,715.457525889022,696.632698829869,5376,7350,0.422442244224422,"Zoster [herpes zoster]",NA,NA
"L73","XII","#00FFFF",33.167249110545,NA,NA,"#FF8F11",28.9339117223733,589.653993826476,508.337617669906,5125,7381,0.409803294418679,"Other follicular disorders",NA,NA
"A59","I","#FF0000",39.1570029635356,2,"#80FF00","#5EFF0A",37.3377962947982,742.566092074313,612.356769359463,933,11428,0.0754793301512823,"Trichomoniasis",9,8
"S53","XIX","#E800FF",38.165081474229,NA,NA,"#FFBC2E",28.374653913919,588.093266027657,599.06221826794,6163,5756,0.517073579998322,"Dislocation, sprain and strain of joints and ligaments of elbow",NA,NA
"E05","IV","#FFD100",48.0830967253454,NA,NA,"#4BFF52",45.080245357533,811.717595260116,765.845581169505,2903,8998,0.243929081589782,"Thyrotoxicosis[hyperthyroidism]",NA,NA
"H02","VII","#5DFF00",42.906958015677,NA,NA,"#FFAA89",36.1386536833192,666.667852202827,682.179785183776,4343,7467,0.367739204064352,"Other disorders of eyelid",NA,NA
"S80","XIX","#E800FF",37.9942276902334,NA,NA,"#FFCD5A",34.3944177822682,632.910794899927,609.24206534281,6756,5121,0.568830512755746,"Superficial injury of lower leg",NA,NA
"F51","V","#E8FF00",54.3865661161256,5,"#CC7A7A","#2FFFC1",53.0271058863329,898.849998326053,884.424523663139,3911,7913,0.330767929634641,"Nonorganic sleep disorders",6,2
"N40","XIV","#0074FF",59.4534233048058,3,"#00FFFF","#05AFFF",61.2875073958245,923.21424840748,707.848568858449,11745,86,0.99273096103457,"Hyperplasia of prostate",35,4
"S20","XIX","#E800FF",48.6265155264135,NA,NA,"#59FF87",46.7522388059702,742.919399628911,692.562227739528,6458,5267,0.550788912579957,"Superficial injury of thorax",NA,NA
"S60","XIX","#E800FF",35.8210110627617,NA,NA,"#FFB036",30.5360993703097,577.670007166242,566.809623092147,6926,4667,0.597429483308893,"Superficial injury of wrist and hand",NA,NA
"B01","I","#FF0000",9.63434923996067,4,"#8000FF","#FF0501",6.47122716793758,345.479836637892,522.074656926526,5948,5330,0.527398474906898,"Varicella[chickenpox]",5,31
"R53","XVIII","#A200FF",48.5882251381215,NA,NA,"#4FFF66",45.8145073489385,778.266463802042,741.938360580888,4624,6398,0.419524587189258,"Malaise and fatigue",NA,NA
"M53","XIII","#00B9FF",49.3593709533539,NA,NA,"#34FF69",48.2549189287666,854.851201755841,732.120436335543,3799,7179,0.346055747859355,"Other dorsopathies, NEC",NA,NA
"J38","X","#00FF74",42.9978132063611,NA,NA,"#6BFF38",40.3639312802705,742.759222470358,647.365073860408,4069,6874,0.37183587681623,"Diseases of vocal cords and larynx, NEC",NA,NA
"L85","XII","#00FFFF",42.9950502791549,NA,NA,"#C9FF67",38.1289441461807,673.105290222476,659.221835178161,4949,5668,0.466139210699821,"Other epidermal thickening",NA,NA
"L28","XII","#00FFFF",42.6407883539995,NA,NA,"#C5FF56",37.92,661.147170885031,627.188274420272,5056,5569,0.475858823529412,"Lichen simplex chronicus and prurigo",NA,NA
"H68","VIII","#17FF00",38.460211469458,NA,NA,"#DEFF41",34.5647725109461,656.8982376869,602.940063669038,3991,6515,0.379878164858176,"Eustachian salpingitis and obstruction",NA,NA
"M23","XIII","#00B9FF",46.0927257540266,NA,NA,"#68FF75",45.2355444672733,766.233422685936,672.159268933365,4344,5877,0.425007337833871,"Internal derangement of knee",NA,NA
"I49","IX","#00FF2E",53.5866149464794,1,"#FF0000","#41FFBD",51.618880773786,835.832175936472,846.719438915277,4497,5635,0.443841294907225,"Other cardiac arrhythmias",3,1
"R00","XVII","#5D00FF",50.7395344223266,NA,NA,"#47FF8A",48.5553847679492,831.293360040075,774.57496983949,3837,6247,0.380503768345894,"Abnormalities of heart beat",NA,NA
"I63","IX","#00FF2E",66.1716439617976,1,"#FF0000","#037CFF",63.7697427237509,867.505346826919,1011.2789439977,4873,5194,0.484056819310619,"Cerebral infarction",31,45
"E86","IV","#FFD100",39.9791424331154,4,"#8000FF","#FF6D34",24.6940479805648,592.250026355323,683.550458189831,4829,5050,0.488814657353983,"Volume depletion",3,0
"R30","XVIII","#A200FF",50.4535137570171,NA,NA,"#6DFF82",45.4612335758497,739.037616797549,796.156172068908,4118,5091,0.447171245520686,"Pain associated with micturition",NA,NA
"E03","IV","#FFD100",48.8598775344809,7,"#CCB87A","#42FF53",45.5487671830679,820.676814354221,777.385474218967,1613,7553,0.175976434649793,"Other hypothyroidism",2,3
"S90","XIX","#E800FF",33.3090353626492,NA,NA,"#FF9D2D",29.0222989261451,587.362594021175,564.268647835746,5371,3755,0.588538242384396,"Superficial injury of ankle and foot",NA,NA
"H90","VIII","#17FF00",50.0526442264903,14,"#7AADCC","#89FFBE",46.4866135634473,778.600420233389,733.590567157724,4146,4893,0.458679057417856,"Conductive and sensorineural hearing loss",1,0
"I25","IX","#00FF2E",62.4629597971337,1,"#FF0000","#0CB5FF",60.3682924119542,914.771977507197,971.979940356557,4237,4764,0.470725474947228,"Chronic ischaemic heart disease",32,32
"N64","XIV","#0074FF",43.1902868994124,2,"#80FF00","#38FF1A",42.4482430617726,800.191645622693,699.873368471185,67,8869,0.00749776186213071,"Other disorders of breast",5,8
"H50","VII","#5DFF00",25.2957605270696,4,"#8000FF","#FF230E",15.6558720470216,437.635665979743,555.496880341836,4374,4473,0.49440488301119,"Other strabismus",0,6
"N91","XIV","#0074FF",32.2200194698522,2,"#80FF00","#EEFF01",31.6196350118283,724.644773834809,521.371112129336,4,8873,0.000450602681085952,"Absent, scanty and rare menstruation",31,10
"S62","XIX","#E800FF",33.0110405657913,NA,NA,"#FF9E22",29.0156000910954,489.6692849635,512.900971158623,6559,2223,0.746868594853109,"Fracture at wrist and hand level",NA,NA
"Z30","XXII","#FF0046",37.1040319836679,2,"#80FF00","#37FF01",35.3687761749651,562.168526153404,541.966998726578,3007,5589,0.349813866914844,"Contraceptive management",0,18
"O80","XV","#002EFF",30.6883255707414,2,"#80FF00","#FFA500",29.1938545497687,541.523271097923,467.928554709354,3,8426,0.000355914106062404,"Single spontaneous delivery",18,14
"R31","XVIII","#A200FF",47.5296678868107,18,"#C27ACC","#8CFF7B",42.9348215351558,722.350134244169,731.428887214641,4021,4356,0.480004774979109,"Unspecified haematuria",1,0
"M24","XIII","#00B9FF",47.2416398557083,NA,NA,"#A0FF9C",43.8665904440968,715.187832043368,701.49154057747,3830,4479,0.460945962209652,"Other specific joint derangements",NA,NA
"E87","IV","#FFD100",54.4195755482184,1,"#FF0000","#ACFFDB",45.2151335311573,676.110858307863,879.538583680977,3992,4096,0.493570722057369,"Other disorders of fluid, electrolyte and acid-base balance",4,3
"L60","XII","#00FFFF",39.2815024346309,NA,NA,"#FFDD3A",33.3228044097609,602.878796684156,622.415081503217,3528,4545,0.43701226309922,"Nail disorders",NA,NA
"J05","X","#00FF74",28.8620718370066,4,"#8000FF","#FF3C0D",14.8125,479.49353746125,585.370185566862,4082,3798,0.518020304568528,"Acute obstructive laryngitis [croup] and epiglottitis",6,3
"I50","IX","#00FF2E",65.4759000517484,1,"#FF0000","#0B72FF",63.5090966122961,868.192149423655,1036.5800694459,2894,5076,0.363111668757842,"Heart failure",29,47
"N20","XIV","#0074FF",47.7167576372417,9,"#A3CC7A","#3DFF46",45.1428386763185,742.58469954862,650.397763400657,4461,3275,0.576654601861427,"Calculus of kidney and ureter",2,1
"J39","X","#00FF74",38.1894305204261,NA,NA,"#FFF556",33.8169555584517,622.384760281126,588.841159650555,3273,4400,0.42656066727486,"Other diseases of upper respiratory tract",NA,NA
"L22","XII","#00FFFF",20.0589426053822,4,"#8000FF","#FF0301",2.59947563232572,493.869421697656,570.63831615071,3457,3027,0.533158544108575,"Diaper [napkin] dermatitis",22,11
"L84","XII","#00FFFF",34.8656935736677,NA,NA,"#FFC33E",32.1613009198423,598.671392500649,571.26008633749,3780,3830,0.496714848883049,"Corns and callosities",NA,NA
"K75","XI","#00FFB9",49.0560267857143,NA,NA,"#60FF65",44.4846898197243,753.602404783525,712.215007374867,3836,3708,0.508483563096501,"Other inflammatory liver diseases",NA,NA
"S91","XIX","#E800FF",37.1912859436579,NA,NA,"#FFD63F",32.0396825396825,577.775534142709,588.034354747066,4709,2851,0.622883597883598,"Open wound of ankle and foot",NA,NA
"K05","XI","#00FFB9",55.0245154224294,6,"#CC997A","#54FFFF",52.0911803713528,788.23547188567,783.656549832148,3746,3794,0.496816976127321,"Gingivitis and periodontal diseases",4,2
"N31","XIV","#0074FF",53.7835829947238,3,"#00FFFF","#4EFFA6",49.2308719455201,828.577088279742,822.890184032609,3191,4298,0.426091601014822,"Neuromuscular dysfunction of bladder, NEC",6,2
"T16","XIX","#E800FF",39.5262503066625,4,"#8000FF","#FF632A",22.9845890410959,534.370033686865,616.314124483345,3734,3566,0.511506849315069,"Foreign body in ear",1,0
"K56","XI","#00FFB9",42.3261755331384,NA,NA,"#FF9559",30.9567858622118,602.060250967384,751.158422679913,3484,3759,0.481016153527544,"Paralytic ileus and intestinal obstruction without hernia",NA,NA
"N10","XIV","#0074FF",47.4252948885976,19,"#CC7AB8","#74FF5E",42.942221008059,788.329146842864,770.712833467075,1606,5715,0.219368938669581,"Acute tubulo-interstitial nephritis",1,0
"K60","XI","#00FFB9",37.8713536234632,17,"#A37ACC","#C2FF1E",33.5383597883598,640.477195352974,553.119774833809,3619,3563,0.503898635477583,"Fissure and fistula of anal and rectal regions",0,1
"G40","VI","#A2FF00",53.0550670090401,5,"#CC7A7A","#CCFF9A",40.9460028050491,667.969681132461,913.081232819931,3750,3380,0.525946704067321,"Epilepsy",8,14
"M76","XIII","#00B9FF",41.7827115615036,NA,NA,"#93FF65",41.4455537997414,753.548687303358,662.86534792574,2983,3978,0.42853038356558,"Enthesopathies of lower limb, excluding foot",NA,NA
"H19","VII","#5DFF00",44.5980574498863,NA,NA,"#FFD140",32.0526392111369,565.375225633991,639.25504192609,3369,3527,0.488544083526682,"Disorders of sclera and cornea in diseases classified elsewhere",NA,NA
"H26","VII","#5DFF00",62.3462656972901,1,"#FF0000","#23C9FF",57.792203042715,884.761124588895,945.667699365054,2995,3841,0.438121708601521,"Other cataract",20,21
"S06","XIX","#E800FF",42.3586710553384,NA,NA,"#FFC458",32.837111732666,595.475358396972,649.338758888047,3935,2858,0.579272780803769,"Intracranial injury",NA,NA
"K71","XI","#00FFB9",50.1177500973141,NA,NA,"#4FFF6A",46.2955614344503,771.168966287755,765.792599364518,3396,3408,0.499118165784832,"Toxic liver disease",NA,NA
"S81","XIX","#E800FF",38.6778707122837,NA,NA,"#FFD354",34.141548463357,588.134862638589,605.921165154154,4344,2424,0.641843971631206,"Open wound of lower leg",NA,NA
"H36","VII","#5DFF00",58.3518165952721,1,"#FF0000","#18E9FF",57.3002538829152,1012.07949102243,894.697274000183,3188,3508,0.47610513739546,"Retinal disorders in diseases classified elsewhere",46,12
"S22","XIX","#E800FF",56.5416110212975,1,"#FF0000","#27FFD2",54.2592869982025,771.036234162237,777.561500287149,3492,3184,0.523067705212702,"Fracture of rib(s), sternum and thoracic spine",4,2
"K92","XI","#00FFB9",48.0995436876796,NA,NA,"#82FF94",44.6848137535817,706.390068881214,751.452356783778,3230,3401,0.487106017191977,"Other diseases of digestive system",NA,NA
"R09","XVIII","#A200FF",45.7152631095601,NA,NA,"#C2FF84",39.9435373111552,669.075308090651,686.546103893515,3137,3416,0.478712040286892,"Other symptoms and signs involving the circulatory and respiratory systems",NA,NA
"D25","II","#FF4600",44.8438660054049,2,"#80FF00","#0DFF07",43.6959171237051,766.718920578114,631.313838421725,6,6558,0.000914076782449726,"Leiomyoma of uterus",9,13
"L27","XII","#00FFFF",44.224792747172,NA,NA,"#A4FF45",37.7477999073645,662.385131344545,659.780035087355,2938,3539,0.453605064072873,"Dermatitis due to substances taken internally",NA,NA
"M43","XIII","#00B9FF",54.8883086515978,1,"#FF0000","#3FFFBF",51.9222153560945,872.121932530693,809.071574958943,2274,4199,0.351305422524332,"Other deforming dorsopathies",3,1
"S05","XIX","#E800FF",37.4865747660964,NA,NA,"#FFEC3E",32.7209176579639,589.654187601613,548.560868958447,3976,2497,0.614243781863124,"Injury of eye and orbit",NA,NA
"S52","XIX","#E800FF",41.3369356536818,NA,NA,"#FF8370",34.4064191802011,532.486890062221,624.365197340397,3443,3022,0.532559938128384,"Fracture of forearm",NA,NA
"A16","I","#FF0000",52.5813269127876,3,"#00FFFF","#8BFFAE",45.9743331265509,704.531806151218,795.826517163313,3771,2677,0.584832506203474,"Respiratory tuberculosis, not confirmed bacteriologically or histologically",5,7
"D23","II","#FF4600",43.4793840288925,NA,NA,"#B2FF4F",38.3624334481679,637.988140669661,614.045368840174,3246,3140,0.508299404948324,"Other benign neoplasms of skin",NA,NA
"E10","IV","#FFD100",59.9346385542169,1,"#FF0000","#18E9FF",57.4556751622606,953.741536296867,1011.37897644374,3004,3313,0.475542187747348,"Type 1 diabetes mellitus",42,30
"O82","XV","#002EFF",31.9585726004922,2,"#80FF00","#F5FF00",30.2815261044177,562.003554674911,524.204954007151,0,6225,0,"Single delivery by caesarean section",6,18
"L40","XII","#00FFFF",44.661581343887,NA,NA,"#8EFF4F",40.2693616331821,652.909133812498,649.892657459104,3310,2862,0.536292935839274,"Psoriasis",NA,NA
"T14","XIX","#E800FF",39.082207779019,NA,NA,"#FFA440",29.4536234254867,601.485178671154,607.67966564362,3105,3008,0.507933911336496,"Injury of unspecified body region",NA,NA
"T17","XIX","#E800FF",38.8189146269893,NA,NA,"#FFF233",30.1242618110236,595.959609794623,598.864988455539,2901,3195,0.475885826771654,"Foreign body in respiratory tract",NA,NA
"M10","XIII","#00B9FF",52.4238753409061,1,"#FF0000","#1EFF7D",51.3042406311637,843.95109095523,738.910901011824,4172,1912,0.685733070348455,"Gout",8,2
"B36","I","#FF0000",38.9167363193864,NA,NA,"#EFFF25",33.296119752467,556.367703863883,562.866951106842,3720,2259,0.622177621675866,"Other superficial mycoses",NA,NA
"E07","IV","#FFD100",50.0423074852395,NA,NA,"#4CFF69",46.5388479571333,814.740122477106,752.401527292923,1696,4276,0.283991962491628,"Other disorders of thyroid",NA,NA
"J10","X","#00FF74",49.373933943247,6,"#CC997A","#BEFFD7",44.3774188120478,734.393132848506,783.51163521676,2371,3572,0.398956755847215,"Influenza due to identified seasonal influenza virus",0,6
"K62","XI","#00FFB9",47.8552560185053,NA,NA,"#53FF44",43.1766885632474,742.340251362935,683.278362938703,3102,2835,0.522486104092976,"Other diseases of anus and rectum",NA,NA
"S92","XIX","#E800FF",37.2844282607596,NA,NA,"#FFEF4C",34.0694233045831,593.78770115613,593.264775561014,3496,2417,0.591239641467952,"Fracture of foot, except ankle",NA,NA
"M67","XIII","#00B9FF",41.6836970326752,NA,NA,"#BFFF4C",36.7396353001892,665.034679904887,622.777100303764,2477,3336,0.426113882676759,"Other disorders of synovium and tendon",NA,NA
"M70","XIII","#00B9FF",49.0516389631524,NA,NA,"#45FF76",47.8831928436264,811.933847712956,726.066899490027,2416,3397,0.41562016170652,"Soft tissue disorders related to use, overuse and pressure",NA,NA
"K35","XI","#00FFB9",32.7388609715243,NA,NA,"#FFAE29",30.816077953715,585.440431790622,516.705613424255,2725,3022,0.474160431529494,"Acute appendicitis",NA,NA
"K63","XI","#00FFB9",52.4548524604329,11,"#7ACC8F","#C3FF62",37.0648553900088,692.724729193683,698.155176804282,2840,2865,0.497808939526731,"Other diseases of intestine",0,1
"N86","XIV","#0074FF",38.4049605243557,2,"#80FF00","#59FF08",36.806093694963,718.166846933921,594.314409441561,2,5676,0.000352236703064459,"Erosion and ectropion of cervix uteri",11,18
"H53","VII","#5DFF00",37.0071619841034,NA,NA,"#FF5D2C",25.4673104181432,528.723889927149,655.446074603127,2978,2666,0.527639971651311,"Visual disturbances",NA,NA
"N48","XIV","#0074FF",29.4676074406671,4,"#8000FF","#FF4C14",18.0439580651094,499.313696030894,584.383934430954,5427,10,0.998160750413831,"Other disorders of penis",6,7
"H43","VII","#5DFF00",56.196588733246,1,"#FF0000","#27FFFE",55.5853613569322,891.079902077243,784.676244817827,2108,3316,0.388643067846608,"Disorders of vitreous body",12,1
"L70","XII","#00FFFF",25.4058335154031,2,"#80FF00","#FF4503",24.5403315946349,537.85791879817,421.805099335669,2043,3325,0.38058867362146,"Acne",1,0
"M22","XIII","#00B9FF",42.3005502063274,NA,NA,"#6FFF4C",42.1724911231546,764.831378044038,641.349614813256,1814,3537,0.339002055690525,"Disorders of patella",NA,NA
"N77","XIV","#0074FF",38.6647348653124,2,"#80FF00","#75FF0D",36.6274658573596,767.865725246703,620.328471636839,4,5268,0.000758725341426404,"Vulvovaginal ulceration and  inflammation in diseases classified elsewhere",11,6
"G45","VI","#A2FF00",61.0789627358663,1,"#FF0000","#0FCBFF",59.3862730206949,930.208715837343,945.598015814233,2039,3228,0.38712739700019,"Transient cerebral ischaemic attacks and related syndromes",24,14
"S73","XIX","#E800FF",45.6295824035703,NA,NA,"#A9FF90",42.4409298780488,725.465921625094,715.295101846113,2558,2690,0.487423780487805,"Dislocation, sprain and strain of joint and ligaments of hip",NA,NA
"R14","XVIII","#A200FF",43.1068075117371,NA,NA,"#FFFF66",34.4298245614035,662.672732427539,672.94350710276,2215,2915,0.4317738791423,"Flatulence and related conditions",NA,NA
"B16","I","#FF0000",43.8142041851617,8,"#C2CC7A","#79FF4B",41.273282887078,718.160494545629,666.517841169576,2423,2731,0.47012029491657,"Acute hepatitis B",1,1
"M41","XIII","#00B9FF",35.6762353613253,NA,NA,"#FFA554",34.6187925998053,646.195577215883,605.472148214006,1924,3211,0.374683544303797,"Scoliosis",NA,NA
"N92","XIV","#0074FF",33.1023495684148,2,"#80FF00","#BFFF02",32.8848413631022,731.920198450072,537.738168214436,1,5105,0.000195848021934978,"Excessive, frequent and irregular menstruation",30,5
"H91","VIII","#17FF00",51.1432823003346,14,"#7AADCC","#91FFCF",46.4548494983278,777.478892797112,759.237228555881,2295,2788,0.451505016722408,"Other hearing loss",0,1
"G56","VI","#A2FF00",53.0081397982035,1,"#FF0000","#19FF68",51.4405277668373,896.259666846689,793.013794898646,1595,3483,0.314100039385585,"Mononeuropathies of upper limb",3,0
"M60","XIII","#00B9FF",48.0145522656869,NA,NA,"#50FF66",45.573738170347,771.793130067502,700.16849678345,2079,2993,0.409897476340694,"Myositis",NA,NA
"S50","XIX","#E800FF",37.0842803827483,NA,NA,"#FFB83C",31.1162674650699,580.463995123391,607.361771494489,2886,2124,0.576047904191617,"Superficial injury of forearm",NA,NA
"R63","XVIII","#A200FF",56.903203826078,NA,NA,"#6BFFD7",48.6949014828357,802.413903775853,859.739682120638,2075,2848,0.421490960796262,"Symptoms and signs concerning food and fluid intake",NA,NA
"M16","XIII","#00B9FF",59.1992338813807,1,"#FF0000","#2AC1FF",56.7315723533097,918.903821810361,941.104154170654,1886,2903,0.393819168928795,"Coxarthrosis [arthrosis of hip]",14,14
"N60","XIV","#0074FF",45.2993209800794,2,"#80FF00","#1FFF1C",44.9900272937224,828.24809474293,725.770716458168,33,4730,0.0069284064665127,"Benign mammary dysplasia",7,13
"E04","IV","#FFD100",49.5600962553299,7,"#CCB87A","#3CFF48",45.4548325963361,834.011660092453,746.165751207206,704,4045,0.148241735102127,"Other nontoxic goitre",5,1
"H15","VII","#5DFF00",42.1312511706312,NA,NA,"#99FF48",39.0246111229491,681.159149263307,603.916925473131,1968,2725,0.419347965054336,"Disorders of sclera",NA,NA
"G58","VI","#A2FF00",56.0007603117278,1,"#FF0000","#2DFFDE",54.2767933390265,876.094372596826,896.30922919708,2059,2625,0.439581554227156,"Other mononeuropathies",4,3
"H92","VIII","#17FF00",37.6277031236095,NA,NA,"#FFB733",28.7259251244319,610.463404140178,655.086900422548,1906,2715,0.412464834451417,"Otalgia and effusion of ear",NA,NA
"G57","VI","#A2FF00",56.4376530048172,1,"#FF0000","#2BFFDB",54.5685527747552,929.360427842049,893.007453403902,1716,2879,0.373449401523395,"Mononeuropathies of lower limb",10,7
"A05","I","#FF0000",38.8631653930838,NA,NA,"#FFE457",34.3807289393278,653.521448287813,618.578629427666,2146,2436,0.468354430379747,"Other bacterial foodborne intoxications, NEC",NA,NA
"D24","II","#FF4600",44.531857031857,2,"#80FF00","#33FF1C",42.8739339602012,794.941523117678,691.043611217576,83,4490,0.0181500109337415,"Benign neoplasm of breast",7,8
"Z03","XXII","#FF0046",51.4544608715212,NA,NA,"#7EFF90",44.8453380468405,719.688766499225,739.013980175558,2249,2277,0.49690676093681,"Medical observation and evaluation for suspected diseases and conditions",NA,NA
"J33","X","#00FF74",41.3478180244777,15,"#7A8FCC","#8CFF47",39.2050209205021,638.023621239633,584.539558990075,2500,2041,0.550539528738163,"Nasal polyp",1,0
"R56","XVIII","#A200FF",39.6079898687543,4,"#8000FF","#FF2315",13.3327656675749,493.924522582436,781.984627277046,2477,1927,0.56244323342416,"Convulsions, NEC",11,6
"K02","XI","#00FFB9",42.6006789978928,6,"#CC997A","#FFAC96",36.3816954404604,625.031158710231,697.41180901308,2162,2356,0.478530323151837,"Dental caries",3,4
"H57","VII","#5DFF00",43.1774894541736,NA,NA,"#ADFF52",39.0902021772939,681.224583784718,631.933828345318,1866,2635,0.414574538991335,"Other disorders of eye and adnexa",NA,NA
"K74","XI","#00FFB9",55.2820549377436,3,"#00FFFF","#17FF81",52.5712377560107,793.429942213879,827.659355367465,3042,1450,0.677203918076581,"Fibrosis and cirrhosis of liver",21,11
"T78","XIX","#E800FF",42.7209607806343,NA,NA,"#F3FF65",35.6283602150538,650.557483383876,635.425729816966,1896,2568,0.424731182795699,"Adverse effects, NEC",NA,NA
"I70","IX","#00FF2E",61.8178022475727,1,"#FF0000","#0BD9FF",59.7233400402414,919.056571272197,938.714964013881,1970,2503,0.440420299575229,"Atherosclerosis",31,24
"F34","V","#E8FF00",50.6760644418872,5,"#CC7A7A","#3EFF8C",49.4800810263336,896.921442830988,869.229840128124,1443,3000,0.324780553679946,"Persistent mood [affective] disorders",6,3
"T23","XIX","#E800FF",38.7577136075949,4,"#8000FF","#FF9C2A",25.5989702517162,581.034849600524,614.949858276474,2011,2359,0.460183066361556,"Burn and corrosion of wrist and hand",1,0
"N70","XIV","#0074FF",37.3636676414932,2,"#80FF00","#76FF0A",35.6647300068353,763.827031945671,650.997614102848,1,4388,0.000227842333105491,"Salpingitis and oophoritis",16,23
"D17","II","#FF4600",46.3856271003129,NA,NA,"#74FF50",41.83836996337,669.002849875583,635.908927350802,2333,2035,0.534111721611722,"Benign lipomatous neoplasm",NA,NA
"S82","XIX","#E800FF",42.8573155188327,NA,NA,"#EFFF72",37.3951129552789,610.205939781207,635.310339624027,2557,1781,0.58944213923467,"Fracture of lower leg, including ankle",NA,NA
"T81","XIX","#E800FF",48.2545665661502,NA,NA,"#87FF72",42.5607498264291,687.581101244863,738.308189042441,2187,2134,0.506132839620458,"Complications of procedures, NEC",NA,NA
"I69","IX","#00FF2E",67.1301637119349,1,"#FF0000","#077AFF",63.3259449370042,851.655543299103,1075.56274460788,2022,2264,0.471768548763416,"Sequelae of cerebrovascular disease",33,58
"L63","XII","#00FFFF",36.8034908969434,NA,NA,"#DAFF11",32.2590716305372,560.650657970327,529.10655011468,2168,2076,0.510838831291235,"Alopecia areata",NA,NA
"J47","X","#00FF74",57.7025396825397,3,"#00FFFF","#38FFCC",52.5718390804598,828.613137282698,889.837961403831,1972,2204,0.472222222222222,"Bronchiectasis",7,6
"Z39","XXII","#FF0046",31.2788606956814,2,"#80FF00","#FFA800",29.3162188099808,562.069386766659,484.657485347775,0,4168,0,"Postpartum care and examination",11,16
"I48","IX","#00FF2E",62.2266241555654,1,"#FF0000","#1BADFF",59.1796684544125,844.258817224652,968.792589118809,2067,2035,0.503900536323745,"Atrial fibrillation and flutter",25,29
"K14","XI","#00FFB9",49.818482252142,NA,NA,"#D1FFA2",39.7392220019822,735.961665733451,865.296274023917,1749,2287,0.433349851337958,"Diseases of tongue",NA,NA
"A54","I","#FF0000",35.7645631067961,10,"#85CC7A","#EAFF07",32.1029776674938,494.177938705232,473.268925219331,3341,689,0.829032258064516,"Gonococcal infection",1,3
"K80","XI","#00FFB9",56.1707295913941,3,"#00FFFF","#1FFFB7",53.8862000496401,835.611694913003,821.009894517985,1919,2110,0.476296847853065,"Cholelithiasis",8,3
"S02","XIX","#E800FF",35.3863186860435,NA,NA,"#FF9124",28.221971971972,507.369374703024,531.604431793566,2745,1251,0.686936936936937,"Fracture of skull and facial bones",NA,NA
"S70","XIX","#E800FF",44.2433907668026,NA,NA,"#EAFF94",39.4283018867925,677.985942354983,710.417094468285,2132,1843,0.536352201257862,"Superficial injury of hip and thigh",NA,NA
"I67","IX","#00FF2E",61.7627201037053,1,"#FF0000","#10B7FF",59.9936884625095,920.028778444796,944.937038389562,1572,2389,0.396869477404696,"Other cerebrovascular diseases",30,13
"H62","VIII","#17FF00",43.5702054794521,12,"#7ACCAD","#9FFF4E",38.2485068813295,680.804423423533,675.760490031112,1667,2184,0.43287457803168,"Disorders of external ear in diseases classified elsewhere",1,1
"I21","IX","#00FF2E",61.3101061615321,1,"#FF0000","#15CCFF",58.9557210031348,800.913238852726,965.643154194427,2107,1721,0.550417972831766,"Acute myocardial infarction",21,32
"F43","V","#E8FF00",43.7948712863433,5,"#CC7A7A","#68FF54",42.7825006539367,781.18588572312,712.088576897408,1223,2600,0.319905833115354,"Reaction to severe stress, and adjustment disorders",1,0
"G64","VI","#A2FF00",57.6872185288441,1,"#FF0000","#12F5FF",58.0526315789474,954.096523345395,892.59629787806,1387,2413,0.365,"Other disorders of peripheral nervous system",17,1
"A15","I","#FF0000",53.4358821186778,3,"#00FFFF","#7AFFC6",48.5964332892999,704.679266236295,814.004915978272,2187,1598,0.5778071334214,"Respiratory tuberculosis, bacteriologically and histologically confirmed",5,7
"M45","XIII","#00B9FF",55.0768371053367,1,"#FF0000","#2ECCFF",56.3170055452865,904.593140385439,874.772781159351,1409,2378,0.372062318457882,"Ankylosing spondylitis",12,11
"H18","VII","#5DFF00",44.8332723167979,20,"#CC7A99","#E4FF5B",37.6529093369418,664.615836170267,667.210092846533,1565,2130,0.423545331529093,"Other disorders of cornea",0,1
"Z71","XXII","#FF0046",45.1505248245219,1,"#FF0000","#9AFF86",42.0999453850355,711.74597993058,648.540196611316,1455,2207,0.397323866739487,"Persons encountering health services for other counselling and medical advice, NEC",1,0
"S32","XIX","#E800FF",60.4369158878505,1,"#FF0000","#2988FF",58.8440054495913,791.403352411154,901.059057275785,1080,2590,0.294277929155313,"Fracture of lumbar spine and pelvis",9,12
"H73","VIII","#17FF00",41.0898686435167,12,"#7ACCAD","#F3FF3A",32.06832554303,595.153784209888,623.734226070288,1683,1954,0.462744019796536,"Other disorders of tympanic membrane",2,2
"C22","II","#FF4600",56.3758951448656,3,"#00FFFF","#17FF7F",52.3167175784504,740.597084380527,827.974869672975,2391,1210,0.663982227159122,"Malignant neoplasm of liver and intrahepatic bile ducts",18,10
"E50","IV","#FFD100",45.6102413146147,NA,NA,"#8DFF72",42.7811975377728,767.131506218204,716.050482582355,1135,2439,0.317571348628987,"Vitamin A deficiency",NA,NA
"O99","XV","#002EFF",31.4574854965798,2,"#80FF00","#FFDD01",30.0041922861934,614.248578623615,491.039349313715,7,3571,0.0019564002235886,"Other maternal diseases classifiable elsewhere but complicating pregnancy, childbirth and the puerperium",17,16
"K20","XI","#00FFB9",48.3624186892355,NA,NA,"#41FF5B",46.1673206278027,813.307930373404,768.645386441918,1434,2134,0.401905829596413,"Oesophagitis",NA,NA
"Z98","XXII","#FF0046",48.5117637923671,NA,NA,"#8CFF72",42.4654442877292,696.395348801664,695.483851438655,1760,1785,0.496473906911142,"Other postsurgical states",NA,NA
"M80","XIII","#00B9FF",70.4419968304279,1,"#FF0000","#023CFF",67.524045261669,962.991767366595,1111.16099972128,320,3215,0.0905233380480905,"Osteoporosis with pathological fracture",39,61
"Z96","XXII","#FF0046",68.746562131657,1,"#FF0000","#0743FF",66.600311703032,914.233995407102,1021.63381329448,1456,2073,0.412581467837914,"Presence of other functional implants",32,44
"H20","VII","#5DFF00",50.8677685950413,1,"#FF0000","#73FF85",45.3270431328036,710.069400479256,711.576313769353,1885,1639,0.534903518728717,"Iridocyclitis",1,0
"M05","XIII","#00B9FF",55.132411901245,1,"#FF0000","#32FFCF",53.4003446295233,918.053456681952,902.856064651771,955,2527,0.274267662263067,"Seropositive rheumatoid arthritis",6,6
"G63","VI","#A2FF00",61.2746644023937,1,"#FF0000","#0CE5FF",58.668251224431,1062.23407359294,1044.97333065705,1625,1846,0.468164794007491,"Polyneuropathy in diseases classified elsewhere",48,32
"B07","I","#FF0000",27.3019537938972,NA,NA,"#FF6815",24.1247470367158,500.090274744821,510.956282575741,1766,1693,0.510552182711766,"Viral warts",NA,NA
"M35","XIII","#00B9FF",48.6759975876973,NA,NA,"#52FF74",46.5508253692441,829.413117204091,811.899936793746,1148,2305,0.332464523602664,"Other systemic involvement of connective tissue",NA,NA
"E06","IV","#FFD100",46.9896939828844,7,"#CCB87A","#49FF3C",43.488219895288,778.896728333849,741.907473943496,568,2870,0.1652123327516,"Thyroiditis",1,3
"O20","XV","#002EFF",31.170158405723,2,"#80FF00","#FFB800",29.5802919708029,697.987869817132,524.865380132656,2,3423,0.000583941605839416,"Haemorrhage in early pregnancy",28,23
"N94","XIV","#0074FF",31.4835142579391,2,"#80FF00","#CBFF06",32.6162448499117,749.37600249664,526.0469115456,3,3395,0.000882872277810477,"Pain and other conditions associated with female genital organs and menstrual cycle",28,0
"D12","II","#FF4600",47.3303725308233,11,"#7ACC8F","#14FF7F",52.7825112107623,887.690114486208,732.820727669853,2005,1340,0.599402092675635,"Benign neoplasm of colon, rectum, anus and anal canal",4,0
"N28","XIV","#0074FF",53.8197969543147,1,"#FF0000","#48FF9B",49.4225481209899,826.792256951939,818.759266696731,1484,1789,0.453406660556065,"Other disorders of kidney and ureter, NEC",1,0
"L72","XII","#00FFFF",41.1496266951089,NA,NA,"#D3FF3A",35.8539755351682,605.53574786412,562.958466265221,1761,1509,0.538532110091743,"Follicular cysts of skin and subcutaneous tissue",NA,NA
"G55","VI","#A2FF00",55.4191994494781,1,"#FF0000","#2BFFBF",53.0417434008594,918.544643061152,883.504844594863,1263,1995,0.387661141804788,"Nerve root and plexus compressions in diseases classified elsewhere",5,7
"H13","VII","#5DFF00",45.0484077452392,6,"#CC997A","#FFA766",33.9648985959438,592.348022675126,713.689875624332,1433,1772,0.447113884555382,"Disorders of conjunctiva in diseases classified elsewhere",0,1
"N97","XIV","#0074FF",32.4451263537906,2,"#80FF00","#CAFF01",31.34108040201,742.636792570022,515.174289390353,7,3177,0.00219849246231156,"Female infertility",29,11
"I13","IX","#00FF2E",61.2123325892857,1,"#FF0000","#09DBFF",59.5720365699874,929.626386316694,974.834999590498,1217,1955,0.383669609079445,"Hypertensive heart and renal disease",29,28
"G62","VI","#A2FF00",58.4861660079051,1,"#FF0000","#1AFFF6",56.9794651384909,937.018679277106,997.588918166493,1393,1748,0.443489334606813,"Other polyneuropathies",23,10
"K85","XI","#00FFB9",50.4349038504439,3,"#00FFFF","#55FF7B",46.9657643312102,741.978804530421,760.366107750672,1697,1443,0.540445859872612,"Acute pancreatitis",2,1
"S51","XIX","#E800FF",41.4984094085892,NA,NA,"#ECFF59",36.3406839245765,572.082561487193,611.383466348934,2118,1011,0.676893576222435,"Open wound of forearm",NA,NA
"M12","XIII","#00B9FF",49.5065240479442,1,"#FF0000","#67FF86",45.9694204290746,777.975122405785,738.946417104201,1254,1869,0.401536983669548,"Other specific arthropathies",1,0
"N84","XIV","#0074FF",42.7223012140435,2,"#80FF00","#1EFF0A",42.0036823567083,727.890430605414,599.143084401523,0,3123,0,"Polyp of female genital tract",6,3
"I51","IX","#00FF2E",59.8821473382327,1,"#FF0000","#28CEFF",56.9456168831169,865.586915899343,928.373400864385,1233,1847,0.400324675324675,"Complications and ill-defined descriptions of heart disease",18,10
"S03","XIX","#E800FF",34.2682823847323,NA,NA,"#FF9B26",30.5687744458931,603.239649232007,564.016268952398,1436,1632,0.468057366362451,"Dislocation, sprain and strain of joints and ligaments of head",NA,NA
"S42","XIX","#E800FF",38.3989163964249,NA,NA,"#FF634A",28.1556433037183,500.954721014185,625.763810344483,1847,1192,0.607765712405397,"Fracture of shoulder and upper arm",NA,NA
"Z32","XXII","#FF0046",30.8362468315707,2,"#80FF00","#FFAC00",29.4094813346548,656.205720494862,491.453892924783,0,3027,0,"Pregnancy examination and test",23,16
"N00","XIII","#00B9FF",46.0420455529575,NA,NA,"#77FF66",42.8857765850386,792.162731229959,753.777381519812,976,2005,0.327406910432741,"Acute nephritic syndrome",NA,NA
"S40","XIX","#E800FF",42.993077695768,NA,NA,"#C2FF64",38.7289703903096,670.059934542276,658.86636905882,1550,1422,0.521534320323015,"Superficial injury of shoulder and upper arm",NA,NA
"F33","V","#E8FF00",54.4349403836185,5,"#CC7A7A","#28FF94",51.582910321489,937.42500790992,993.663714952821,883,2072,0.298815566835871,"Recurrent depressive disorder",9,12
"R19","XVIII","#A200FF",44.3142426525999,NA,NA,"#FFDD4E",31.5552876334826,642.967923192068,684.886709146905,1347,1556,0.464002755769893,"Other symptoms and signs involving the digestive system and abdomen",NA,NA
"S67","XIX","#E800FF",37.8544054567189,NA,NA,"#EEFF28",31.4895057549086,543.681794174415,513.999724970512,1958,996,0.662830060934326,"Crushing injury of wrist and hand",NA,NA
"C16","II","#FF4600",62.1862325371789,3,"#00FFFF","#0CE4FF",58.4640190088255,763.653664626246,813.453564398364,1828,1118,0.620502376103191,"Malignant neoplasm of stomach",14,4
"G03","VI","#A2FF00",22.8077421444768,4,"#8000FF","#FF1606",11.7459356624006,419.223179100589,592.327430859476,1680,1211,0.581113801452784,"Meningitis due to other and unspecified causes",4,14
"R81","XVIII","#A200FF",57.8778104544161,1,"#FF0000","#20FFDC",55.565180102916,940.085032202528,883.669840465853,1295,1620,0.444253859348199,"Glycosuria",19,7
"Z01","XXII","#FF0046",42.9045213646903,NA,NA,"#A1FF31",36.6363324175824,702.866254974815,694.187765216406,409,2503,0.140453296703297,"Other special examination and investigations of persons without complaint or reported diagnosis",NA,NA
"O86","XV","#002EFF",31.4375960389278,2,"#80FF00","#FFB700",29.6104570637119,564.215535324237,512.275890550688,1,2887,0.000346260387811634,"Other puerperal infections",13,17
"K72","XI","#00FFB9",50.6098128124637,3,"#00FFFF","#44FF82",48.3869565217391,692.401382026939,824.454934088453,1619,1256,0.563130434782609,"Hepatic failure, NEC",4,4
"S30","XIX","#E800FF",43.7383387329716,NA,NA,"#DAFF7A",39.1264005602241,667.039040788134,693.97088617582,1385,1471,0.484943977591036,"Superficial injury of abdomen, lower back and pelvis",NA,NA
"T31","XIX","#E800FF",37.2429657287638,NA,NA,"#FFB32F",28.1560846560847,605.823148600408,614.113453215456,1196,1639,0.421869488536155,"Burns classified according to extent of body surface involved",NA,NA
"N04","XIV","#0074FF",48.2884210526316,1,"#FF0000","#87FF71",42.7306208347948,779.17728248524,799.330832780272,1290,1561,0.452472816555595,"Nephrotic syndrome",7,3
"J46","X","#00FF74",48.6764527293703,3,"#00FFFF","#FF7480",32.2190510167678,652.956073632505,800.714147351776,1301,1502,0.46414555833036,"Status asthmaticus",3,4
"N05","XIV","#0074FF",47.9203404626801,1,"#FF0000","#63FF70",45.0819964349376,806.073682071414,756.033707301035,1105,1700,0.393939393939394,"Unspecified nephritic syndrome",3,2
"G54","VI","#A2FF00",53.7225180677064,1,"#FF0000","#26FF94",51.8872811718471,903.490695623437,827.674173593883,1102,1697,0.393712040014291,"Nerve root and plexus disorders",5,2
"R73","XVIII","#A200FF",56.3352177175235,1,"#FF0000","#34FFC3",52.601399856425,813.589870939971,792.798346366333,1283,1503,0.460516870064609,"Elevated blood glucose level",1,0
"A87","I","#FF0000",17.5302363936229,4,"#8000FF","#FF0E03",9.85701438848921,396.028305029472,561.939205658279,1564,1216,0.562589928057554,"Viral meningitis",3,23
"A60","I","#FF0000",42.326116163704,2,"#80FF00","#76FF23",38.8588912886969,789.2098196237,698.042277789323,1007,1771,0.362491000719942,"Anogenital herpesviral [herpes simplex] infection",0,4
"B19","I","#FF0000",44.6827157754604,NA,NA,"#7EFF53",41.1057692307692,705.77821693248,683.630816543167,1352,1404,0.490566037735849,"Unspecified viral hepatitis",NA,NA
"N83","XIV","#0074FF",38.3275352502925,2,"#80FF00","#77FF0C",36.4529757531227,745.001526015715,622.32677144723,7,2715,0.00257163850110213,"Noninflammatory disorders of ovary, fallopian tube and broad ligament",10,9
"D21","II","#FF4600",45.1344517084001,NA,NA,"#8FFF4F",40.2147069664578,640.322192142991,635.328541002109,1404,1309,0.517508293402138,"Other benign neoplasms of connective and other soft tissue",NA,NA
"D69","III","#FF8B00",48.9442723316368,3,"#00FFFF","#F3FFAE",40.0796591330122,651.526075673643,841.508877987043,1273,1426,0.471656168951464,"Purpura and other haemorrhagic conditions",0,4
"R35","XVIII","#A200FF",53.1292567367486,3,"#00FFFF","#A3FF84",41.2781885397412,765.463513885132,848.050539369249,1222,1483,0.451756007393715,"Polyuria",1,4
"K50","XI","#00FFB9",42.2173366834171,16,"#857ACC","#FFE171",35.8585011185682,699.48298217852,717.319770952376,1253,1429,0.467188665175242,"Crohns disease[regional enteritis]",0,1
"F20","V","#E8FF00",52.3857702349869,5,"#CC7A7A","#70FF4B",41.6641763167725,541.706390186166,939.776037766788,1363,1314,0.509152035861039,"Schizophrenia",6,16
"T00","XIX","#E800FF",38.8396025550036,NA,NA,"#FFA447",31.0763097949886,576.752743430196,619.296688808046,1481,1153,0.562262718299165,"Superficial injuries involving multiple body regions",NA,NA
"B09","I","#FF0000",17.9348390446521,4,"#8000FF","#FF1504",8.10805422647528,433.088862554124,531.746298614075,1285,1223,0.512360446570973,"Unspecified viral infection characterized by skin and mucous membrane lesions",10,13
"Z00","XX","#FF00D1",48.3332022648632,1,"#FF0000","#FFE994",36.84231222965,672.475007152041,680.8800425155,1115,1428,0.438458513566654,"General examination and investigation of persons without complaint and reported diagnosis",1,1
"N02","XIV","#0074FF",46.1416618993135,1,"#FF0000","#90FF67",41.5645727662895,734.710481201964,751.652091551591,1180,1383,0.460397971127585,"Recurrent and persistent haematuria",3,2
"G81","VI","#A2FF00",66.3497053909067,1,"#FF0000","#1380FF",61.4320866141732,670.64776793296,980.760611333903,1326,1214,0.522047244094488,"Hemiplegia",16,50
"B66","I","#FF0000",52.4271844660194,3,"#00FFFF","#1CFF47",48.2207478890229,764.62699927734,773.789130230297,1708,779,0.686771210293526,"Other fluke infections",1,0
"J98","X","#00FF74",56.7870215967788,3,"#00FFFF","#5BFFF5",51.2651453957997,746.820388263036,824.48886053498,1257,1219,0.50767366720517,"Other respiratory disorders",3,1
"J12","X","#00FF74",33.5182195571956,4,"#8000FF","#FF471E",18.5834703947368,521.326920316969,679.914682269609,1201,1231,0.493832236842105,"Viral pneumonia, NEC",5,6
"D13","II","#FF4600",55.8298257635082,3,"#00FFFF","#11FF93",53.3336726384365,872.395891723848,791.964931069331,1179,1277,0.480048859934853,"Benign neoplasm of other and ill-defined parts of digestive system",5,1
"K22","XI","#00FFB9",51.0649776594733,NA,NA,"#49FF7C",47.6608910891089,808.563471215526,821.779577465494,1079,1345,0.44513201320132,"Other diseases of oesophagus",NA,NA
"E13","IV","#FFD100",60.6946051489731,1,"#FF0000","#10EEFF",58.309503784693,979.959849585004,976.432160638118,1056,1322,0.444070647603028,"Other specified diabetes mellitus",34,23
"I47","IX","#00FF2E",52.621198568873,1,"#FF0000","#40FFA9",50.7217041119118,829.533004544664,901.157266860419,943,1416,0.399745654938533,"Paroxysmal tachycardia",2,4
"L53","XII","#00FFFF",40.4264810849393,NA,NA,"#ECFF36",32.8376651043886,609.725652455023,612.65325033567,1076,1271,0.458457605453771,"Other erythematous conditions",NA,NA
"N80","XIV","#0074FF",41.4673600263093,2,"#80FF00","#38FF08",39.3410935497651,765.311164608221,648.963929674707,2,2339,0.000854335753951303,"Endometriosis",12,19
"D27","II","#FF4600",39.5636515912898,2,"#80FF00","#71FF10",37.017130620985,740.327421546086,627.864548363343,0,2335,0,"Benign neoplasm of ovary",13,8
"B17","I","#FF0000",45.3012786361215,8,"#C2CC7A","#80FF47",40.2524816573155,725.027360792599,671.584305427151,1150,1167,0.496331463098835,"Other acute viral hepatitis",2,0
"G50","VI","#A2FF00",53.6247252036726,1,"#FF0000","#2CFF9D",51.6512279190004,904.378567112825,885.300760185022,737,1584,0.317535545023697,"Disorders of trigeminal nerve",2,0
"I15","IX","#00FF2E",57.290244596132,1,"#FF0000","#23FDFF",56.5388792354474,898.936571981759,957.254773708366,987,1315,0.428757602085143,"Secondary hypertension",30,21
"K13","XI","#00FFB9",39.6789046653144,NA,NA,"#FFC14D",32.9763986013986,657.793944675018,693.064572092023,789,1499,0.344842657342657,"Other diseases of lip and oral mucosa",NA,NA
"S66","XIX","#E800FF",39.8041126902276,NA,NA,"#A1FF29",36.7301693404635,564.43164178616,542.04848904708,1545,699,0.688502673796791,"Injury of muscle and tendon at wrist and hand level",NA,NA
"M71","XIII","#00B9FF",52.4104794659114,NA,NA,"#35FF94",50.6019372693727,814.416423358026,748.642862793231,939,1229,0.433118081180812,"Other bursopathies",NA,NA
"T79","XIX","#E800FF",42.0336772204435,NA,NA,"#FFF06C",34.8167903525046,624.330863744583,626.009157158386,1255,901,0.582096474953618,"Certain early complications of trauma(T79)",NA,NA
"K11","XI","#00FFB9",34.7177715091678,4,"#8000FF","#FF8829",27.2879776328052,566.204597149219,608.122264745087,1047,1099,0.487884436160298,"Diseases of salivary glands",0,1
"K04","XI","#00FFB9",54.3171886380189,6,"#CC997A","#93E7FF",48.0521901211556,766.611008882502,784.632891717314,1094,1052,0.509785647716682,"Diseases of pulp and periapical tissues",6,4
"K51","XI","#00FFB9",48.3278274387874,16,"#857ACC","#69FF6C",44.0313523631259,797.92336846542,793.797687748854,1067,1070,0.499298081422555,"Ulcerative colitis",1,0
"E83","IV","#FFD100",55.9297963558414,1,"#FF0000","#58FFB3",49.2427093132643,780.369104925472,979.770007491399,772,1354,0.363123236124177,"Disorders of mineral metabolism",11,16
"C34","II","#FF4600",64.5751303607534,3,"#00FFFF","#0FA9FF",60.4839849269901,666.373823992676,902.338628943591,1357,766,0.639189825718323,"Malignant neoplasm of bronchus and lung",15,14
"R45","XVIII","#A200FF",51.9146232057416,5,"#CC7A7A","#5DFF79",44.9503150751333,788.247661118937,809.987984161081,707,1356,0.342704798836646,"Symptoms and signs involving emotional state",1,1
"B33","I","#FF0000",39.872383400661,NA,NA,"#97FF38",36.8231649189704,630.58951049449,600.037586793166,815,1283,0.388465204957102,"Other viral diseases, NEC",NA,NA
"K86","XI","#00FFB9",51.1551255940258,3,"#00FFFF","#3FFF75",48.0756180319922,812.98967510669,790.064121420662,1127,936,0.546291808046534,"Other diseases of pancreas",2,0
"A49","I","#FF0000",36.8276923076923,NA,NA,"#FF9C2A",26.822453016815,570.518258131007,610.346671188656,954,1068,0.471810089020772,"Bacterial infection of unspecified site",NA,NA
"A41","I","#FF0000",60.9274278491679,1,"#FF0000","#FF92B4",36.4760778128286,494.046095733204,1074.3193334178,1025,877,0.538906414300736,"Other sepsis",5,59
"D68","III","#FF8B00",54.3652476255088,3,"#00FFFF","#65FFBC",48.4728340675477,690.042767084345,906.565011141757,1077,966,0.527165932452276,"Other coagulation defects",9,12
"F10","V","#E8FF00",48.5837586310417,3,"#00FFFF","#1DFF43",47.6363636363636,720.646779583058,630.357255154551,1648,387,0.80982800982801,"Mental and behavioural disorders due to use of alcohol",14,1
"R94","XVIII","#A200FF",49.9604374110953,3,"#00FFFF","#71FF96",45.6705503222608,745.895324036902,706.756499535106,1032,985,0.51165096678235,"Abnormal results of function studies",2,0
"K07","XI","#00FFB9",38.6965153490577,NA,NA,"#FFEC37",34.4876543209877,682.45787459046,628.000462519398,732,1293,0.361481481481481,"Dentofacial anomalies [including malocclusion]",NA,NA
"I88","IX","#00FF2E",28.5337105139085,4,"#8000FF","#FF6A11",22.5821304131409,547.953911488292,577.662066424207,885,1124,0.440517670482827,"Nonspecific lymphadenitis",0,1
"L42","XII","#00FFFF",28.8101212881639,NA,NA,"#FF8D06",26.4882146439318,518.829423579013,450.547769039684,827,1167,0.414744232698094,"Pityriasis rosea",NA,NA
"N18","XIV","#0074FF",63.3978756362027,1,"#FF0000","#1DFFDD",55.5301877219685,943.921108688444,1129.05556254584,1015,956,0.514967021816337,"Chronic kidney disease",42,57
"B34","I","#FF0000",29.5234604105572,4,"#8000FF","#FF2A09",12.5157397691501,496.750648680109,611.207975545874,985,921,0.516789087093389,"Viral infection of unspecified site",9,3
"L91","XII","#00FFFF",35.2749140893471,NA,NA,"#FFC02A",32.8518800813008,641.514366283983,557.626663097863,777,1191,0.394817073170732,"Hypertrophic disorders of skin",NA,NA
"N85","XIV","#0074FF",39.2801383399209,2,"#80FF00","#6AFF09",36.8641470888662,708.741828769538,624.85207660458,0,1958,0,"Other noninflammatory disorders of uterus, except cervix",8,24
"R32","XVIII","#A200FF",56.5688775510204,3,"#00FFFF","#9AFFB6",44.4600515463918,807.874807456196,985.760131729147,532,1408,0.274226804123711,"Unspecified urinary incontinence",2,9
"N45","XIV","#0074FF",37.97083087802,3,"#00FFFF","#9FFF22",34.8580729166667,539.378837485044,534.723588362455,1914,6,0.996875,"Orchitis and epididymitis",0,2
"G90","VI","#A2FF00",52.3326389886511,NA,NA,"#35FF8D",50.0991131977047,863.542912675504,819.10402440834,642,1275,0.33489827856025,"Disorders of autonomic nervous system",NA,NA
"H72","VIII","#17FF00",39.8301190296821,13,"#7ACCCC","#EAFF2C",32.4933792372881,611.825893551546,610.916514613322,862,1026,0.456567796610169,"Perforation of tympanic membrane",2,2
"R55","XVIII","#A200FF",47.043677875667,NA,NA,"#97FF93",44.5198938992042,748.652744024314,718.437149205188,729,1156,0.386737400530504,"Syncope and collapse",NA,NA
"M46","XIII","#00B9FF",55.8208683909837,1,"#FF0000","#27DEFF",56.444,929.785385103496,866.86354451903,586,1289,0.312533333333333,"Other inflammatory spondylopathies",15,5
"T63","XIX","#E800FF",47.1287507654623,NA,NA,"#FFF97E",35.5421363392378,653.436766627827,629.66898843663,972,891,0.521739130434783,"Toxic effect of contact with venomous animals",NA,NA
"J90","X","#00FF74",63.1324044718839,1,"#FF0000","#49DBFF",54.1944593867671,577.081704421936,1008.86729974611,1110,749,0.597095212479828,"Pleural effusion, NEC",6,49
"T24","XIX","#E800FF",39.1887558785806,NA,NA,"#FFB056",32.3742563547864,628.594300988266,652.18394734277,793,1056,0.428880475932937,"Burn and corrosion of hip and lower limb, except ankle and foot",NA,NA
"G51","VI","#A2FF00",51.1913348946136,1,"#FF0000","#45FF89",49.1360691144708,782.495018420586,748.530649656291,794,1058,0.428725701943845,"Facial nerve disorders",2,0
"H17","VII","#5DFF00",48.2926748644718,1,"#FF0000","#8CFFAF",45.7477014602488,736.558570016423,719.298876958156,846,1003,0.457544618712818,"Corneal scars and opacities",3,3
"A02","I","#FF0000",41.2575486468352,NA,NA,"#D7FF5C",37.2222222222222,724.904899626537,726.383395685706,814,1022,0.443355119825708,"Other salmonella infections",NA,NA
"Z48","XXII","#FF0046",43.0881397897471,NA,NA,"#ECFF57",35.3824169842134,644.178011304806,610.512348053267,1021,816,0.555797495917256,"Persons encountering health services for other surgical follow-up care",NA,NA
"C78","II","#FF4600",63.2997678467789,3,"#00FFFF","#10DBFF",58.3756830601093,498.836098156657,945.101654531749,1025,805,0.560109289617486,"Secondary malignant neoplasm of respiratory and digestive organs",11,22
"N61","XIV","#0074FF",37.2155605131065,2,"#80FF00","#ADFF16",35.4620010934937,688.407884070371,650.244303899489,45,1784,0.024603608529251,"Inflammatory disorders of breast",3,19
"T25","XIX","#E800FF",43.2339403136065,NA,NA,"#F8FF7E",35.9433443344334,663.005302146078,685.707441731518,895,923,0.492299229922992,"Burn and corrosion of ankle and foot",NA,NA
"K61","XI","#00FFB9",42.5875611640484,17,"#A37ACC","#89FF2B",36.3999439461883,571.924621112415,561.632629183745,1382,402,0.774663677130045,"Abscess of anal and rectal regions",1,0
"I12","IX","#00FF2E",60.424414600551,1,"#FF0000","#24FFDC",54.9004424778761,921.205257408346,1087.91376938835,872,936,0.482300884955752,"Hypertensive renal disease",35,43
"N13","XIV","#0074FF",50.0226870296591,9,"#A3CC7A","#9BFF7F",41.363245412844,702.417966121221,754.560273539914,823,921,0.471903669724771,"Obstructive and reflux uropathy",2,3
"I74","IX","#00FF2E",62.7650682968765,1,"#FF0000","#08B7FF",60.6211613623674,934.476062788685,1053.88210005019,880,911,0.491345616973758,"Arterial embolism and thrombosis",40,44
"B86","I","#FF0000",42.9571484992101,NA,NA,"#FFBD24",31.6336913510458,541.778638246486,608.099879392131,1121,648,0.633691351045789,"Scabies",NA,NA
"B85","I","#FF0000",33.9586659570694,NA,NA,"#BFFF12",33.6344299489507,586.056739293505,549.749901429469,1221,542,0.692569483834373,"Pediculosis and phthiriasis",NA,NA
"R21","XVIII","#A200FF",36.0698534180828,4,"#8000FF","#FF531C",19.796285200719,537.38828138998,637.5374276617,830,839,0.497303774715398,"Rash and other nonspecific skin eruption",6,2
"N63","XIV","#0074FF",44.8658370269349,2,"#80FF00","#29FF1B",43.5155350978136,796.157715748289,690.438082741346,27,1711,0.0155350978135788,"Unspecified lump in breast",6,9
"F40","V","#E8FF00",48.7166207639804,5,"#CC7A7A","#52FF73",46.028812572759,839.771804864445,814.498496839607,624,1094,0.363213038416764,"Phobic anxiety disorders",5,2
"D63","III","#FF8B00",60.8962122350819,1,"#FF0000","#1FFFD8",54.8106060606061,664.689053733538,1119.09155311518,827,889,0.481934731934732,"Anaemia in chronic diseases classified elsewhere",15,60
"S09","XIX","#E800FF",34.9863242161441,13,"#7ACCCC","#FFB826",29.0381205673759,573.553279187792,568.34891126177,880,812,0.520094562647754,"Other and unspecified injuries of head",1,1
"C18","II","#FF4600",61.2278439463566,3,"#00FFFF","#13FFEF",57.2639548693587,801.720286562775,854.344123893164,916,768,0.543942992874109,"Malignant neoplasm of colon",14,3
"D62","III","#FF8B00",54.9058577405858,3,"#00FFFF","#47FFA7",50.2700242718447,676.311467359094,839.666599818647,663,985,0.402305825242718,"Acute posthaemorrhagic anaemia",7,1
"N08","XIV","#0074FF",55.3047173540651,1,"#FF0000","#31FFBC",52.5911300121507,924.823478964427,972.562027950664,786,860,0.477521263669502,"Glomerular disorders in diseases classified elsewhere",32,24
"N87","XIV","#0074FF",42.5778881027409,2,"#80FF00","#33FF12",40.9359756097561,727.052872573535,656.997593672164,0,1640,0,"Dysplasia of cervix uteri",7,11
"G53","VI","#A2FF00",57.676388519798,1,"#FF0000","#2BD5FF",56.8611111111111,844.464546237931,833.221154754953,682,938,0.420987654320988,"Cranial nerve disorders in diseases classified elsewhere",3,0
"C61","II","#FF4600",64.0827664399093,3,"#00FFFF","#0280FF",63.9605344934742,943.28271206803,861.884218627962,1606,3,0.998135487880671,"Malignant neoplasm of prostate",43,15
"K77","XI","#00FFB9",48.7055614220345,NA,NA,"#56FF5E",45.252808988764,784.932747107369,749.962736335135,731,871,0.456304619225968,"Liver disorders in disease classified elsewhere",NA,NA
"F54","V","#E8FF00",48.0610236220472,NA,NA,"#5BFF80",46.3276836158192,789.373544274211,732.317639110876,547,1046,0.343377275580665,"Psychological and behavioural factors associated with disorders or diseases classified elsewhere",NA,NA
"C79","II","#FF4600",62.0228473733292,3,"#00FFFF","#15FFEF",56.7582070707071,555.882571984881,964.488064168921,714,870,0.450757575757576,"Secondary malignant neoplasm of other and unspecified sites",11,21
"E22","IV","#FFD100",37.8064037319763,2,"#80FF00","#9EFF18",35.3562381253958,732.464984255935,732.026534105595,129,1450,0.0816972767574414,"Hyperfunction of pituitary gland",6,12
"K40","XI","#00FFB9",46.5565709312446,3,"#00FFFF","#FF5A55",27.3863636363636,546.854898511453,672.756347152419,1259,259,0.829380764163373,"Inguinal hernia",2,3
"O26","XV","#002EFF",31.1414850387883,2,"#80FF00","#FFA900",29.4169329073482,630.933739445847,492.728521594549,1,1564,0.000638977635782748,"Maternal care for other conditions predominantly related to pregnancy",22,14
"N03","XIV","#0074FF",50.2170821482349,1,"#FF0000","#5FFF74",46.0268714011516,822.750337731315,821.339831379876,632,931,0.404350607805502,"Chronic nephritic syndrome",9,6
"T22","XIX","#E800FF",43.3998016728464,NA,NA,"#F7FF4C",32.1824104234528,616.524118157677,657.263935517526,631,904,0.411074918566775,"Burn and corrosion of shoulder and upper limb, except wrist and hand",NA,NA
"R22","XVIII","#A200FF",44.1855194544725,NA,NA,"#CCFF60",37.517997382199,650.905883913154,660.479781870603,707,821,0.462696335078534,"Localized swelling, mass and lump of skin and subcutaneous tissue",NA,NA
"I61","IX","#00FF2E",59.7898070832134,1,"#FF0000","#20E2FF",57.6537698412698,605.241712184308,849.056957801352,787,725,0.520502645502645,"Intracerebral haemorrhage",10,11
"D34","II","#FF4600",49.50500984842,7,"#CCB87A","#2EFF42",46.1896782841823,806.92799377819,733.047042636037,178,1314,0.119302949061662,"Benign neoplasm of thyroid gland",5,5
"R18","XVIII","#A200FF",59.2855455833727,3,"#00FFFF","#1CFFCF",55.4065452091768,495.809098169234,993.596478982289,963,519,0.649797570850202,"Ascites",19,35
"A56","I","#FF0000",35.8345757236924,10,"#85CC7A","#9EFF0B",34.3847457627119,595.448659986684,507.006791190795,865,610,0.586440677966102,"Other sexually transmitted chlamydial diseases",1,1
"H69","VIII","#17FF00",39.9275289884046,NA,NA,"#D6FF3B",34.2452510176391,657.334091379812,617.901701557949,530,944,0.359565807327001,"Other disorders of Eustachian tube",NA,NA
"J43","X","#00FF74",62.6228024819028,3,"#00FFFF","#2B91FF",58.3891928864569,830.911257587483,880.087674894832,1042,420,0.712722298221614,"Emphysema",23,11
"I24","IX","#00FF2E",59.8537290286198,1,"#FF0000","#22E2FF",57.2491408934708,893.417312380375,951.043632638801,652,803,0.448109965635739,"Other acute ischaemic heart diseases",20,19
"N21","XIV","#0074FF",47.9902750604212,9,"#A3CC7A","#49FF41",44.236733287388,721.715926923213,666.268566098964,868,583,0.598208132322536,"Calculus of lower urinary tract",2,2
"L74","XII","#00FFFF",32.0163033687624,4,"#8000FF","#FF430C",15.5628272251309,529.412970634399,587.736596684379,665,672,0.49738219895288,"Eccrine sweat disorders",7,2
"C77","II","#FF4600",58.1522468142186,3,"#00FFFF","#2BFFD0",53.7221835883171,595.437611243335,820.619365713801,671,767,0.466620305980529,"Secondary and unspecified malignant neoplasm of lymph nodes",12,10
"O34","XV","#002EFF",33.2642276422764,2,"#80FF00","#98FF01",31.3834269662921,543.872704985894,593.670908485719,0,1424,0,"Maternal care for known or suspected abnormality of pelvic organs",1,27
"E28","IV","#FFD100",33.630195599022,2,"#80FF00","#8AFF0D",36.9760900140647,779.153705375171,563.865912242344,5,1417,0.00351617440225035,"Ovarian dysfunction",20,9
"G25","VI","#A2FF00",57.1710957516535,5,"#CC7A7A","#5AFFC8",50.5665722379603,834.959720456552,944.380007879804,603,809,0.427053824362606,"Other extrapyramidal and movement disorders",9,9
"H27","VII","#5DFF00",66.9227642276423,1,"#FF0000","#1152FF",63.9844877344877,903.493695863801,1076.5616060776,620,766,0.447330447330447,"Other disorders of lens",28,53
"O42","XV","#002EFF",31.230900893379,2,"#80FF00","#FFA700",29.3153901734104,597.72357965396,466.830484188287,2,1382,0.00144508670520231,"Premature rupture of membranes",18,14
"B90","I","#FF0000",58.4208458351193,3,"#00FFFF","#2EF2FF",55.4847494553377,771.715219995237,870.343369507126,851,526,0.618010167029775,"Sequelae of tuberculosis",14,11
"K08","XI","#00FFB9",54.8520561685055,6,"#CC997A","#619BFF",52.2983284883721,730.464447193832,778.988531195347,731,645,0.53125,"Other disorders of teeth and supporting  structures",6,4
"N32","XIV","#0074FF",52.078590940132,3,"#00FFFF","#69FF6B",43.86,806.535871095643,867.394383129747,462,913,0.336,"Other disorders of bladder",0,2
"R68","XVIII","#A200FF",52.9962339388569,NA,NA,"#83FF86",43.1804511278196,765.70482983673,832.008292912269,552,778,0.415037593984962,"Other general symptoms and signs",NA,NA
"L80","XII","#00FFFF",39.6253543944917,NA,NA,"#FFE34C",33.495217071376,604.569751637755,617.344734607569,600,759,0.441501103752759,"Vitiligo",NA,NA
"R59","XVIII","#A200FF",37.0906647116325,NA,NA,"#FFB627",29.1306775874907,602.495395581151,623.72751837966,531,812,0.395383469843634,"Enlarged lymph nodes",NA,NA
"K81","XI","#00FFB9",55.272417707151,3,"#00FFFF","#35FFAB",51.6437081161579,793.46366224962,824.714064060561,635,708,0.472822040208488,"Cholecystitis",5,1
"M94","XIII","#00B9FF",45.483568592854,NA,NA,"#67FF61",44.15548098434,766.928533759445,704.148265071898,553,788,0.412378821774795,"Other disorders of cartilage",NA,NA
"L81","XII","#00FFFF",39.7929782082324,NA,NA,"#BCFF29",35.0657400450789,679.332592997516,628.317479751216,321,1010,0.241172051089406,"Other disorders of pigmentation",NA,NA
"L98","XII","#00FFFF",45.335943940643,NA,NA,"#FFEE7D",36.2490118577075,652.486386918463,740.330529068102,597,668,0.471936758893281,"Other disorders of skin and subcutaneous tissue, NEC",NA,NA
"P59","XVI","#1700FF",30.8484848484848,2,"#80FF00","#FF3A00",11.0290322580645,542.319385759167,754.045628416967,308,467,0.39741935483871,"Neonatal jaundice from other and unspecified causes",18,15
"H33","VII","#5DFF00",48.097779675491,1,"#FF0000","#50FF90",48.8054928517682,766.198699021012,707.464173119429,693,636,0.521444695259594,"Retinal detachments and breaks",9,8
"Y45","XX","#FF00D1",47.8295490381583,NA,NA,"#62FF9F",47.6190476190476,767.182627089813,698.863130091456,532,791,0.402116402116402,"Analgesics, antipyretics and anti-inflammatory drugs causing adverse effects in therapeutic use",NA,NA
"M40","XIII","#00B9FF",49.4348659003831,1,"#FF0000","#7EF6FF",50.7603686635945,820.769168118499,767.722019124618,417,885,0.320276497695853,"Kyphosis and lordosis",2,4
"N11","XIV","#0074FF",48.8983572895277,1,"#FF0000","#5AFF6B",45.5365384615385,854.404908845957,837.587645997632,314,986,0.241538461538462,"Chronic tubulo-interstitial nephritis",2,3
"C50","II","#FF4600",51.3041917886879,2,"#80FF00","#0BFF40",49.7839506172839,747.740746555331,714.602693261938,17,1279,0.0131172839506173,"Malignant neoplasm of breast(C50)",8,8
"B26","I","#FF0000",18.0204192265992,4,"#8000FF","#FF1403",11.8009295120062,371.699716711972,453.40791710351,759,532,0.587916343919442,"Mumps",1,9
"L51","XII","#00FFFF",38.9629258517034,NA,NA,"#F2FF37",33.4235294117647,613.894400002735,597.984428995233,534,741,0.418823529411765,"Erythema multiforme",NA,NA
"E66","IV","#FFD100",39.0021861336665,2,"#80FF00","#65FF1C",38.628526645768,749.274345012727,637.743415405324,268,1008,0.210031347962382,"Obesity",0,1
"I45","IX","#00FF2E",53.0188106796116,NA,NA,"#4BFFAF",50.3343823760818,793.169213664697,806.723979358823,659,612,0.518489378442171,"Other conduction disorders",NA,NA
"E44","IV","#FFD100",61.6991761570148,3,"#00FFFF","#2AEDFF",56.7156074014481,622.699268829312,979.580118218648,700,543,0.563153660498793,"Protein-energy malnutrition of moderate and mild degree",13,37
"O21","XV","#002EFF",30.6380488422118,2,"#80FF00","#FF9100",28.9755412991179,695.123867041972,514.820462400742,0,1247,0,"Excessive vomiting in pregnancy",26,15
"H47","VII","#5DFF00",49.0269576379974,1,"#FF0000","#B5FFCB",44.6500402252615,696.763884169665,755.957629561712,670,573,0.539018503620273,"Other disorders of optic[2nd] nerve and visual pathways",4,3
"O24","XV","#002EFF",32.7388948252175,2,"#80FF00","#D8FF03",31.0530546623794,620.124855338971,460.119263170624,6,1238,0.00482315112540193,"Diabetes mellitus in pregnancy",14,11
"I83","IX","#00FF2E",49.8194177423785,NA,NA,"#19FF46",48.9521319388576,800.114427585525,692.977581319816,462,781,0.371681415929204,"Varicose veins of lower extremities",NA,NA
"G93","VI","#A2FF00",53.5489608687512,1,"#FF0000","#7CFFEB",48.9600326264274,658.91775221212,846.252750989004,617,609,0.50326264274062,"Other disorders of brain",5,0
"S72","XIX","#E800FF",67.7175341745531,1,"#FF0000","#3C5BFF",59.4300411522634,578.801108212148,1048.79783572165,569,646,0.468312757201646,"Fracture of femur",7,53
"H83","VIII","#17FF00",49.5902435380248,NA,NA,"#3FFF8F",49.1473988439306,835.024803620908,764.55703985173,444,767,0.366639141205615,"Other diseases of inner ear",NA,NA
"H44","VII","#5DFF00",54.7541212629226,1,"#FF0000","#CEFFEF",46.3506711409396,724.960374942456,844.386908855994,458,734,0.384228187919463,"Disorders of globe",5,9
"S86","XIX","#E800FF",42.4472691417303,NA,NA,"#80FF3E",39.9455155071249,660.011584377197,592.093549481624,770,423,0.645431684828164,"Injury of muscle and tendon at lower leg level",NA,NA
"T20","XIX","#E800FF",38.3878643664485,NA,NA,"#FFBB2F",28.3010118043845,557.29701497413,583.693392593148,616,570,0.519392917369309,"Burn and corrosion of head and neck",NA,NA
"A53","I","#FF0000",47.8257621040048,NA,NA,"#68FF58",43.1808600337268,688.947471846727,711.894301165375,698,488,0.588532883642496,"Other and unspecified syphilis",NA,NA
"A63","I","#FF0000",33.3420847919098,2,"#80FF00","#FFB90A",30.3251689189189,637.750216741355,490.567254616772,543,641,0.458614864864865,"Other predominantly sexually transmitted diseases, NEC",2,0
"R43","XVIII","#A200FF",43.8251866938221,15,"#7A8FCC","#6AFF34",40.3310696095076,700.412812146878,658.620386213417,403,775,0.342105263157895,"Disturbances of smell and taste",0,1
"O92","XV","#002EFF",32.1327332919512,2,"#80FF00","#FFF301",30.3219533275713,633.089645417972,593.448813579486,2,1155,0.0017286084701815,"Other disorders of breast and lactation associated with childbirth",15,27
"M92","XIII","#00B9FF",15.0173976371581,4,"#8000FF","#FF0A02",13.8127162629758,383.429488470938,477.55462194334,888,268,0.768166089965398,"Other juvenile osteochondrosis",0,14
"S97","XIX","#E800FF",34.6662346079067,NA,NA,"#FFBD29",28.9782608695652,539.034006641653,565.164881975076,704,446,0.612173913043478,"Crushing injury of ankle and foot",NA,NA
"I95","IX","#00FF2E",55.4132362254592,1,"#FF0000","#67FFC7",49.4405594405594,730.367255350121,975.063857229009,418,726,0.365384615384615,"Hypotension",1,20
"L71","XII","#00FFFF",39.0412421952021,NA,NA,"#D6FF2F",35.0326939843069,652.229382072533,589.734436930279,441,706,0.384481255448997,"Rosacea",NA,NA
"R25","XVIII","#A200FF",54.1918621079401,5,"#CC7A7A","#66FFCC",49.3700265251989,834.982116061877,882.973461067869,450,681,0.397877984084881,"Abnormal involuntary movements",6,2
"M20","XIII","#00B9FF",46.8163861216077,NA,NA,"#6BFF52",43.0786219081272,780.617429564492,725.285860122853,300,832,0.265017667844523,"Acquired deformities of fingers and toes",NA,NA
"C73","II","#FF4600",49.9,7,"#CCB87A","#20FF63",49.3379096545616,790.003613233451,733.028513834358,179,950,0.158547387068202,"Malignant neoplasm of thyroid gland",8,5
"H34","VII","#5DFF00",61.8002772793998,1,"#FF0000","#12C1FF",59.6586879432624,916.500484244683,903.467856153458,491,637,0.435283687943262,"Retinal vascular occlusions",34,19
"Z22","XXII","#FF0046",43.4881656804734,8,"#C2CC7A","#74FF29",38.6128456735058,646.63924352251,626.159699765851,512,609,0.456735057983943,"Carrier of infectious disease",5,5
"D53","III","#FF8B00",49.7196322196322,3,"#00FFFF","#7EFF71",42.8517025089606,722.358840340984,804.232084072833,340,776,0.304659498207885,"Other nutritional anaemias",0,1
"I99","IX","#00FF2E",59.3737113402062,1,"#FF0000","#16D9FF",58.6796246648794,921.754930728114,898.46359715768,373,746,0.333333333333333,"Other and unspecified disorders of circulatory system",19,8
"A18","I","#FF0000",47.93743509865,3,"#00FFFF","#A5FF69",41.0354896675651,665.128467591537,775.124547786679,485,628,0.435759209344115,"Tuberculosis of other organs",1,1
"K57","XI","#00FFB9",51.1264083394756,NA,NA,"#33FF6F",48.6280214861235,829.684826630753,744.659656680147,621,496,0.555953446732319,"Diverticular disease of intestine",NA,NA
"Z51","XXII","#FF0046",58.0112960760999,3,"#00FFFF","#24FFE3",54.6172784243509,563.391681337592,780.691444481953,575,542,0.514771709937332,"Persons encountering health services for other medical carether medical care",13,6
"G20","VI","#A2FF00",69.8533308099924,1,"#FF0000","#0F51FF",64.6891891891892,791.556753907986,1190.41121342568,479,631,0.431531531531532,"Parkinsons disease",25,80
"R17","XVIII","#A200FF",48.4603823030677,3,"#00FFFF","#87FF73",42.5047801147228,631.826495543145,747.677376242975,603,443,0.576481835564054,"Unspecified jaundice",3,7
"L05","XII","#00FFFF",34.4857142857143,NA,NA,"#FFA318",29.1474121996303,565.803091926988,537.289870805358,485,597,0.448243992606285,"Pilonidal cyst",NA,NA
"T21","XIX","#E800FF",45.032860729582,NA,NA,"#FFB862",31.9740500463392,635.233990288366,760.394464701869,458,621,0.424467099165894,"Burn and corrosion of trunk",NA,NA
"E12","IV","#FFD100",62.7825229960578,1,"#FF0000","#0484FF",62.768022181146,926.988422360675,998.296148838985,526,556,0.486136783733826,"Malnutrition-related diabetes mellitus",37,33
"R39","XVIII","#A200FF",49.8576274671053,3,"#00FFFF","#84FF6B",41.4883720930233,717.391397201007,783.447773178746,612,463,0.569302325581395,"Other symptoms and signs involving the urinary system",0,2
"N42","XIV","#0074FF",58.6445489941596,3,"#00FFFF","#2BFFA6",51.9501397949674,783.504525611491,789.056056981699,1062,11,0.989748369058714,"Other disorders of prostate",6,5
"N17","XIV","#0074FF",62.0105062082139,1,"#FF0000","#3DFFFA",54.5396600566572,662.10969159577,1020.08717010533,544,515,0.513692162417375,"Acute renal failure",10,44
"N75","XIV","#0074FF",39.8470299240732,2,"#80FF00","#6BFF09",36.5943755958055,701.290193982294,641.722774471685,5,1044,0.00476644423260248,"Diseases of Bartholins gland",5,15
"B96","I","#FF0000",50.2790178571429,NA,NA,"#62FF5D",42.8633720930233,701.85984507572,701.810992407632,530,502,0.513565891472868,"Other specified bacterial agents as the cause of diseases classified to other chapters",NA,NA
"T67","XIX","#E800FF",42.2709306503773,NA,NA,"#FF9F59",31.1392100192678,623.759359444752,682.097710613809,476,562,0.458574181117534,"Effects of heat and light",NA,NA
"O23","XV","#002EFF",31.3017845761632,2,"#80FF00","#FF9B00",29.1730954676953,657.181717961031,464.718139926469,0,1037,0,"Infections of genitourinary tract in pregnancy",23,11
"E88","IV","#FFD100",62.1884452510587,3,"#00FFFF","#38E7FF",55.2775073028238,503.770137254473,1008.69167834006,549,478,0.534566699123661,"Other metabolic disorders",9,44
"M00","XII","#00FFFF",56.8584207279457,1,"#FF0000","#64FFDD",49.8810679611651,840.724926675808,913.540440263371,460,570,0.446601941747573,"Pyogenic arthritis",8,12
"K00","X","#00FF74",16.7272898605352,4,"#8000FF","#FF1410",14.8612463485881,384.075606096988,529.482732923052,495,532,0.481986368062317,"Disorders of tooth development and eruption",2,16
"E46","IV","#FFD100",63.3225073075674,1,"#FF0000","#1DACFF",58.6519607843137,614.619190674046,1062.16965146235,556,464,0.545098039215686,"Unspecified protein-energy malnutrition",13,57
"F31","V","#E8FF00",53.908797461429,5,"#CC7A7A","#54FF4D",43.4626719056974,768.612827232092,925.771411983773,444,574,0.43614931237721,"Bipolar affective disorder",7,13
"L56","XII","#00FFFF",40.4652280272584,NA,NA,"#A9FF41",38.3960396039604,680.985824350223,626.683442832903,342,668,0.338613861386139,"Other acute skin changes due to ultraviolet radiation",NA,NA
"L89","XII","#00FFFF",71.8173916730264,1,"#FF0000","#1046FF",66.1555666003976,354.745695323151,1199.08161490957,519,487,0.515904572564612,"Decubitus ulcer and pressure area",5,91
"I64","IX","#00FF2E",67.3386274842874,1,"#FF0000","#046DFF",64.0863453815261,817.913213930671,1095.71670010123,471,525,0.47289156626506,"Stroke, not specified as haemorrhage or infarction",28,53
"M49","XIII","#00B9FF",60.4064990039841,1,"#FF0000","#1CCDFF",57.5654582074522,980.667666151918,970.118014591054,337,656,0.339375629405841,"Spondylopathies in diseases classified elsewhere",23,22
"J16","X","#00FF74",38.8632404181185,4,"#8000FF","#FF5A2F",23.1893004115226,561.35935591502,762.195950873485,458,514,0.47119341563786,"Pneumonia due to other infectious organisms, NEC",5,4
